<annotations><folder>Memset</folder><filename><item>7_1_dump_2210398208.file.2215239480.2215241528.4841272.png</item></filename><object1><name>file</name><bndbox><xmin>241</xmin><ymin>241</ymin><xmax>274</xmax><ymax>274</ymax></bndbox></object1><object2><name>file</name><bndbox><xmin>287</xmin><ymin>287</ymin><xmax>320</xmax><ymax>320</ymax></bndbox></object2><object3><name>file</name><bndbox><xmin>167</xmin><ymin>167</ymin><xmax>200</xmax><ymax>200</ymax></bndbox></object3><objnum>3</objnum></annotations>