<annotations><folder>Memset</folder><filename><item>7_1_dump_2210398208.file.2215011408.2215013456.4613200.png</item></filename><object1><name>file</name><bndbox><xmin>389</xmin><ymin>389</ymin><xmax>422</xmax><ymax>422</ymax></bndbox></object1><object2><name>file</name><bndbox><xmin>241</xmin><ymin>241</ymin><xmax>274</xmax><ymax>274</ymax></bndbox></object2><object3><name>file</name><bndbox><xmin>463</xmin><ymin>463</ymin><xmax>496</xmax><ymax>496</ymax></bndbox></object3><object4><name>file</name><bndbox><xmin>315</xmin><ymin>315</ymin><xmax>348</xmax><ymax>348</ymax></bndbox></object4><objnum>4</objnum></annotations>