<annotations><folder>Memset</folder><filename><item>7_1_dump_2222981120.file.2236093920.2236095968.13112800.png</item></filename><object1><name>file</name><bndbox><xmin>241</xmin><ymin>241</ymin><xmax>274</xmax><ymax>274</ymax></bndbox></object1><object2><name>file</name><bndbox><xmin>77</xmin><ymin>77</ymin><xmax>110</xmax><ymax>110</ymax></bndbox></object2><object3><name>file</name><bndbox><xmin>31</xmin><ymin>31</ymin><xmax>64</xmax><ymax>64</ymax></bndbox></object3><objnum>3</objnum></annotations>