<annotations><folder>Memset</folder><filename><item>7_1_dump_2210398208.thread.2216048932.2216050980.5650724.png</item></filename><object1><name>file</name><bndbox><xmin>358</xmin><ymin>358</ymin><xmax>391</xmax><ymax>391</ymax></bndbox></object1><object2><name>thread</name><bndbox><xmin>170</xmin><ymin>170</ymin><xmax>345</xmax><ymax>345</ymax></bndbox></object2><object3><name>file</name><bndbox><xmin>108</xmin><ymin>108</ymin><xmax>141</xmax><ymax>141</ymax></bndbox></object3><objnum>3</objnum></annotations>