<annotations><folder>Memset</folder><filename><item>7_1_dump_2222981120.file.2237497440.2237499488.14516320.png</item></filename><object1><name>file</name><bndbox><xmin>241</xmin><ymin>241</ymin><xmax>274</xmax><ymax>274</ymax></bndbox></object1><object2><name>file</name><bndbox><xmin>351</xmin><ymin>351</ymin><xmax>384</xmax><ymax>384</ymax></bndbox></object2><object3><name>drivers</name><bndbox><xmin>417</xmin><ymin>417</ymin><xmax>460</xmax><ymax>460</ymax></bndbox></object3><objnum>3</objnum></annotations>