<annotations><folder>Memset</folder><filename><item>7_1_dump_2210398208.file.2216609056.2216611104.6210848.png</item></filename><object1><name>file</name><bndbox><xmin>25</xmin><ymin>25</ymin><xmax>58</xmax><ymax>58</ymax></bndbox></object1><object2><name>file</name><bndbox><xmin>423</xmin><ymin>423</ymin><xmax>456</xmax><ymax>456</ymax></bndbox></object2><object3><name>file</name><bndbox><xmin>241</xmin><ymin>241</ymin><xmax>274</xmax><ymax>274</ymax></bndbox></object3><objnum>3</objnum></annotations>