<annotations><folder>Memset</folder><filename><item>7_1_dump_0.seg.2432684032.2432688128.2432684032.png</item></filename><object1><name>file</name><bndbox><xmin>593</xmin><ymin>593</ymin><xmax>626</xmax><ymax>626</ymax></bndbox></object1><object2><name>file</name><bndbox><xmin>847</xmin><ymin>847</ymin><xmax>880</xmax><ymax>880</ymax></bndbox></object2><object3><name>file</name><bndbox><xmin>119</xmin><ymin>119</ymin><xmax>152</xmax><ymax>152</ymax></bndbox></object3><object4><name>file</name><bndbox><xmin>889</xmin><ymin>889</ymin><xmax>922</xmax><ymax>922</ymax></bndbox></object4><objnum>4</objnum></annotations>