<annotations><folder>Memset</folder><filename><item>7_1_dump_2210398208.file.2216323536.2216325584.5925328.png</item></filename><object1><name>file</name><bndbox><xmin>53</xmin><ymin>53</ymin><xmax>86</xmax><ymax>86</ymax></bndbox></object1><object2><name>file</name><bndbox><xmin>411</xmin><ymin>411</ymin><xmax>444</xmax><ymax>444</ymax></bndbox></object2><object3><name>file</name><bndbox><xmin>241</xmin><ymin>241</ymin><xmax>274</xmax><ymax>274</ymax></bndbox></object3><object4><name>file</name><bndbox><xmin>365</xmin><ymin>365</ymin><xmax>398</xmax><ymax>398</ymax></bndbox></object4><objnum>4</objnum></annotations>