<annotations><folder>Memset</folder><filename><item>7_1_dump_2222981120.file.2237648272.2237650320.14667152.png</item></filename><object1><name>file</name><bndbox><xmin>241</xmin><ymin>241</ymin><xmax>274</xmax><ymax>274</ymax></bndbox></object1><object2><name>file</name><bndbox><xmin>467</xmin><ymin>467</ymin><xmax>500</xmax><ymax>500</ymax></bndbox></object2><object3><name>file</name><bndbox><xmin>287</xmin><ymin>287</ymin><xmax>320</xmax><ymax>320</ymax></bndbox></object3><objnum>3</objnum></annotations>