<annotations><folder>Memset</folder><filename><item>7_1_dump_2210398208.thread.2215568676.2215570724.5170468.png</item></filename><object1><name>thread</name><bndbox><xmin>170</xmin><ymin>170</ymin><xmax>345</xmax><ymax>345</ymax></bndbox></object1><object2><name>file</name><bndbox><xmin>384</xmin><ymin>384</ymin><xmax>417</xmax><ymax>417</ymax></bndbox></object2><object3><name>file</name><bndbox><xmin>472</xmin><ymin>472</ymin><xmax>505</xmax><ymax>505</ymax></bndbox></object3><objnum>3</objnum></annotations>