<annotations><folder>Memset</folder><filename><item>7_1_dump_2210398208.file.2216099912.2216101960.5701704.png</item></filename><object1><name>file</name><bndbox><xmin>97</xmin><ymin>97</ymin><xmax>130</xmax><ymax>130</ymax></bndbox></object1><object2><name>file</name><bndbox><xmin>337</xmin><ymin>337</ymin><xmax>370</xmax><ymax>370</ymax></bndbox></object2><object3><name>file</name><bndbox><xmin>241</xmin><ymin>241</ymin><xmax>274</xmax><ymax>274</ymax></bndbox></object3><objnum>3</objnum></annotations>