<annotations><folder>Memset</folder><filename><item>7_1_dump_2222981120.file.2237731040.2237733088.14749920.png</item></filename><object1><name>file</name><bndbox><xmin>421</xmin><ymin>421</ymin><xmax>454</xmax><ymax>454</ymax></bndbox></object1><object2><name>file</name><bndbox><xmin>375</xmin><ymin>375</ymin><xmax>408</xmax><ymax>408</ymax></bndbox></object2><object3><name>file</name><bndbox><xmin>463</xmin><ymin>463</ymin><xmax>496</xmax><ymax>496</ymax></bndbox></object3><object4><name>file</name><bndbox><xmin>241</xmin><ymin>241</ymin><xmax>274</xmax><ymax>274</ymax></bndbox></object4><objnum>4</objnum></annotations>