<annotations><folder>Memset</folder><filename><item>7_1_dump_2222981120.file.2235759720.2235761768.12778600.png</item></filename><object1><name>thread</name><bndbox><xmin>57</xmin><ymin>57</ymin><xmax>232</xmax><ymax>232</ymax></bndbox></object1><object2><name>file</name><bndbox><xmin>241</xmin><ymin>241</ymin><xmax>274</xmax><ymax>274</ymax></bndbox></object2><object3><name>file</name><bndbox><xmin>431</xmin><ymin>431</ymin><xmax>464</xmax><ymax>464</ymax></bndbox></object3><objnum>3</objnum></annotations>