<annotations><folder>Memset</folder><filename><item>7_1_dump_2222981120.file.2235538552.2235540600.12557432.png</item></filename><object1><name>file</name><bndbox><xmin>241</xmin><ymin>241</ymin><xmax>274</xmax><ymax>274</ymax></bndbox></object1><object2><name>thread</name><bndbox><xmin>313</xmin><ymin>313</ymin><xmax>488</xmax><ymax>488</ymax></bndbox></object2><object3><name>thread</name><bndbox><xmin>53</xmin><ymin>53</ymin><xmax>228</xmax><ymax>228</ymax></bndbox></object3><objnum>3</objnum></annotations>