<annotations><folder>Memset</folder><filename><item>7_1_dump_2222981120.file.2237950688.2237952736.14969568.png</item></filename><object1><name>thread</name><bndbox><xmin>53</xmin><ymin>53</ymin><xmax>228</xmax><ymax>228</ymax></bndbox></object1><object2><name>file</name><bndbox><xmin>241</xmin><ymin>241</ymin><xmax>274</xmax><ymax>274</ymax></bndbox></object2><object3><name>file</name><bndbox><xmin>481</xmin><ymin>481</ymin><xmax>514</xmax><ymax>514</ymax></bndbox></object3><objnum>3</objnum></annotations>