<annotations><folder>Memset</folder><filename><item>7_1_dump_2210398208.file.2216257744.2216259792.5859536.png</item></filename><object1><name>file</name><bndbox><xmin>403</xmin><ymin>403</ymin><xmax>436</xmax><ymax>436</ymax></bndbox></object1><object2><name>file</name><bndbox><xmin>241</xmin><ymin>241</ymin><xmax>274</xmax><ymax>274</ymax></bndbox></object2><object3><name>file</name><bndbox><xmin>29</xmin><ymin>29</ymin><xmax>62</xmax><ymax>62</ymax></bndbox></object3><objnum>3</objnum></annotations>