<annotations><folder>Memset</folder><filename><item>7_1_dump_2210398208.file.2216339064.2216341112.5940856.png</item></filename><object1><name>file</name><bndbox><xmin>91</xmin><ymin>91</ymin><xmax>124</xmax><ymax>124</ymax></bndbox></object1><object2><name>file</name><bndbox><xmin>413</xmin><ymin>413</ymin><xmax>446</xmax><ymax>446</ymax></bndbox></object2><object3><name>file</name><bndbox><xmin>241</xmin><ymin>241</ymin><xmax>274</xmax><ymax>274</ymax></bndbox></object3><objnum>3</objnum></annotations>