<annotations><folder>Memset</folder><filename><item>7_1_dump_2222981120.file.2229503072.2229505120.6521952.png</item></filename><object1><name>file</name><bndbox><xmin>195</xmin><ymin>195</ymin><xmax>228</xmax><ymax>228</ymax></bndbox></object1><object2><name>file</name><bndbox><xmin>241</xmin><ymin>241</ymin><xmax>274</xmax><ymax>274</ymax></bndbox></object2><object3><name>file</name><bndbox><xmin>471</xmin><ymin>471</ymin><xmax>504</xmax><ymax>504</ymax></bndbox></object3><object4><name>file</name><bndbox><xmin>149</xmin><ymin>149</ymin><xmax>182</xmax><ymax>182</ymax></bndbox></object4><object5><name>file</name><bndbox><xmin>425</xmin><ymin>425</ymin><xmax>458</xmax><ymax>458</ymax></bndbox></object5><object6><name>file</name><bndbox><xmin>379</xmin><ymin>379</ymin><xmax>412</xmax><ymax>412</ymax></bndbox></object6><object7><name>file</name><bndbox><xmin>333</xmin><ymin>333</ymin><xmax>366</xmax><ymax>366</ymax></bndbox></object7><object8><name>file</name><bndbox><xmin>287</xmin><ymin>287</ymin><xmax>320</xmax><ymax>320</ymax></bndbox></object8><objnum>8</objnum></annotations>