<annotations><folder>Memset</folder><filename><item>7_1_dump_2222981120.file.2237498680.2237500728.14517560.png</item></filename><object1><name>file</name><bndbox><xmin>241</xmin><ymin>241</ymin><xmax>274</xmax><ymax>274</ymax></bndbox></object1><object2><name>file</name><bndbox><xmin>41</xmin><ymin>41</ymin><xmax>74</xmax><ymax>74</ymax></bndbox></object2><object3><name>drivers</name><bndbox><xmin>107</xmin><ymin>107</ymin><xmax>150</xmax><ymax>150</ymax></bndbox></object3><objnum>3</objnum></annotations>