<annotations><folder>Memset</folder><filename><item>7_1_dump_2222981120.file.2235510136.2235512184.12529016.png</item></filename><object1><name>file</name><bndbox><xmin>241</xmin><ymin>241</ymin><xmax>274</xmax><ymax>274</ymax></bndbox></object1><object2><name>file</name><bndbox><xmin>177</xmin><ymin>177</ymin><xmax>210</xmax><ymax>210</ymax></bndbox></object2><object3><name>file</name><bndbox><xmin>453</xmin><ymin>453</ymin><xmax>486</xmax><ymax>486</ymax></bndbox></object3><objnum>3</objnum></annotations>