<annotations><folder>Memset</folder><filename><item>7_1_dump_2222981120.file.2235510984.2235513032.12529864.png</item></filename><object1><name>thread</name><bndbox><xmin>285</xmin><ymin>285</ymin><xmax>460</xmax><ymax>460</ymax></bndbox></object1><object2><name>file</name><bndbox><xmin>29</xmin><ymin>29</ymin><xmax>62</xmax><ymax>62</ymax></bndbox></object2><object3><name>file</name><bndbox><xmin>241</xmin><ymin>241</ymin><xmax>274</xmax><ymax>274</ymax></bndbox></object3><objnum>3</objnum></annotations>