<annotations><folder>Memset</folder><filename><item>7_1_dump_2210398208.file.2215012296.2215014344.4614088.png</item></filename><object1><name>file</name><bndbox><xmin>167</xmin><ymin>167</ymin><xmax>200</xmax><ymax>200</ymax></bndbox></object1><object2><name>file</name><bndbox><xmin>287</xmin><ymin>287</ymin><xmax>320</xmax><ymax>320</ymax></bndbox></object2><object3><name>file</name><bndbox><xmin>19</xmin><ymin>19</ymin><xmax>52</xmax><ymax>52</ymax></bndbox></object3><object4><name>file</name><bndbox><xmin>241</xmin><ymin>241</ymin><xmax>274</xmax><ymax>274</ymax></bndbox></object4><object5><name>file</name><bndbox><xmin>93</xmin><ymin>93</ymin><xmax>126</xmax><ymax>126</ymax></bndbox></object5><objnum>5</objnum></annotations>