<annotations><folder>Memset</folder><filename><item>7_1_dump_2222981120.file.2238286968.2238289016.15305848.png</item></filename><object1><name>file</name><bndbox><xmin>341</xmin><ymin>341</ymin><xmax>374</xmax><ymax>374</ymax></bndbox></object1><object2><name>file</name><bndbox><xmin>241</xmin><ymin>241</ymin><xmax>274</xmax><ymax>274</ymax></bndbox></object2><object3><name>file</name><bndbox><xmin>295</xmin><ymin>295</ymin><xmax>328</xmax><ymax>328</ymax></bndbox></object3><objnum>3</objnum></annotations>