<annotations><folder>Memset</folder><filename><item>7_1_dump_2210398208.file.2216092440.2216094488.5694232.png</item></filename><object1><name>file</name><bndbox><xmin>241</xmin><ymin>241</ymin><xmax>274</xmax><ymax>274</ymax></bndbox></object1><object2><name>file</name><bndbox><xmin>195</xmin><ymin>195</ymin><xmax>228</xmax><ymax>228</ymax></bndbox></object2><object3><name>thread</name><bndbox><xmin>285</xmin><ymin>285</ymin><xmax>460</xmax><ymax>460</ymax></bndbox></object3><objnum>3</objnum></annotations>