<annotations><folder>Memset</folder><filename><item>7_1_dump_2222981120.file.2236612680.2236614728.13631560.png</item></filename><object1><name>file</name><bndbox><xmin>351</xmin><ymin>351</ymin><xmax>384</xmax><ymax>384</ymax></bndbox></object1><object2><name>file</name><bndbox><xmin>173</xmin><ymin>173</ymin><xmax>206</xmax><ymax>206</ymax></bndbox></object2><object3><name>file</name><bndbox><xmin>131</xmin><ymin>131</ymin><xmax>164</xmax><ymax>164</ymax></bndbox></object3><object4><name>file</name><bndbox><xmin>241</xmin><ymin>241</ymin><xmax>274</xmax><ymax>274</ymax></bndbox></object4><objnum>4</objnum></annotations>