<annotations><folder>Memset</folder><filename><item>7_1_dump_2210398208.file.2215207776.2215209824.4809568.png</item></filename><object1><name>file</name><bndbox><xmin>283</xmin><ymin>283</ymin><xmax>316</xmax><ymax>316</ymax></bndbox></object1><object2><name>file</name><bndbox><xmin>401</xmin><ymin>401</ymin><xmax>434</xmax><ymax>434</ymax></bndbox></object2><object3><name>file</name><bndbox><xmin>241</xmin><ymin>241</ymin><xmax>274</xmax><ymax>274</ymax></bndbox></object3><objnum>3</objnum></annotations>