<annotations><folder>Memset</folder><filename><item>7_1_dump_2222981120.file.2235264992.2235267040.12283872.png</item></filename><object1><name>file</name><bndbox><xmin>173</xmin><ymin>173</ymin><xmax>206</xmax><ymax>206</ymax></bndbox></object1><object2><name>file</name><bndbox><xmin>295</xmin><ymin>295</ymin><xmax>328</xmax><ymax>328</ymax></bndbox></object2><object3><name>file</name><bndbox><xmin>241</xmin><ymin>241</ymin><xmax>274</xmax><ymax>274</ymax></bndbox></object3><object4><name>file</name><bndbox><xmin>475</xmin><ymin>475</ymin><xmax>508</xmax><ymax>508</ymax></bndbox></object4><objnum>4</objnum></annotations>