<annotations><folder>Memset</folder><filename><item>7_1_dump_2222981120.file.2236905576.2236907624.13924456.png</item></filename><object1><name>file</name><bndbox><xmin>171</xmin><ymin>171</ymin><xmax>204</xmax><ymax>204</ymax></bndbox></object1><object2><name>file</name><bndbox><xmin>241</xmin><ymin>241</ymin><xmax>274</xmax><ymax>274</ymax></bndbox></object2><object3><name>file</name><bndbox><xmin>373</xmin><ymin>373</ymin><xmax>406</xmax><ymax>406</ymax></bndbox></object3><objnum>3</objnum></annotations>