<annotations><folder>Memset</folder><filename><item>7_1_dump_2210398208.file.2214483112.2214485160.4084904.png</item></filename><object1><name>file</name><bndbox><xmin>241</xmin><ymin>241</ymin><xmax>274</xmax><ymax>274</ymax></bndbox></object1><object2><name>file</name><bndbox><xmin>413</xmin><ymin>413</ymin><xmax>446</xmax><ymax>446</ymax></bndbox></object2><object3><name>file</name><bndbox><xmin>459</xmin><ymin>459</ymin><xmax>492</xmax><ymax>492</ymax></bndbox></object3><objnum>3</objnum></annotations>