<annotations><folder>Memset</folder><filename><item>7_1_dump_2210398208.file.2216142664.2216144712.5744456.png</item></filename><object1><name>file</name><bndbox><xmin>241</xmin><ymin>241</ymin><xmax>274</xmax><ymax>274</ymax></bndbox></object1><object2><name>file</name><bndbox><xmin>287</xmin><ymin>287</ymin><xmax>320</xmax><ymax>320</ymax></bndbox></object2><object3><name>file</name><bndbox><xmin>113</xmin><ymin>113</ymin><xmax>146</xmax><ymax>146</ymax></bndbox></object3><object4><name>file</name><bndbox><xmin>449</xmin><ymin>449</ymin><xmax>482</xmax><ymax>482</ymax></bndbox></object4><objnum>4</objnum></annotations>