<annotations><folder>Memset</folder><filename><item>7_1_dump_2222981120.file.2237006696.2237008744.14025576.png</item></filename><object1><name>file</name><bndbox><xmin>433</xmin><ymin>433</ymin><xmax>466</xmax><ymax>466</ymax></bndbox></object1><object2><name>file</name><bndbox><xmin>241</xmin><ymin>241</ymin><xmax>274</xmax><ymax>274</ymax></bndbox></object2><object3><name>file</name><bndbox><xmin>307</xmin><ymin>307</ymin><xmax>340</xmax><ymax>340</ymax></bndbox></object3><objnum>3</objnum></annotations>