<annotations><folder>Memset</folder><filename><item>7_1_dump_2210398208.file.2216338464.2216340512.5940256.png</item></filename><object1><name>file</name><bndbox><xmin>241</xmin><ymin>241</ymin><xmax>274</xmax><ymax>274</ymax></bndbox></object1><object2><name>file</name><bndbox><xmin>29</xmin><ymin>29</ymin><xmax>62</xmax><ymax>62</ymax></bndbox></object2><object3><name>file</name><bndbox><xmin>391</xmin><ymin>391</ymin><xmax>424</xmax><ymax>424</ymax></bndbox></object3><objnum>3</objnum></annotations>