<annotations><folder>Memset</folder><filename><item>7_1_dump_0.seg.2366803968.2366808064.2366803968.png</item></filename><object1><name>file</name><bndbox><xmin>383</xmin><ymin>383</ymin><xmax>416</xmax><ymax>416</ymax></bndbox></object1><object2><name>file</name><bndbox><xmin>491</xmin><ymin>491</ymin><xmax>524</xmax><ymax>524</ymax></bndbox></object2><object3><name>thread</name><bndbox><xmin>851</xmin><ymin>851</ymin><xmax>1026</xmax><ymax>1026</ymax></bndbox></object3><objnum>3</objnum></annotations>