<annotations><folder>Memset</folder><filename><item>7_1_dump_2222981120.file.2235265208.2235267256.12284088.png</item></filename><object1><name>file</name><bndbox><xmin>241</xmin><ymin>241</ymin><xmax>274</xmax><ymax>274</ymax></bndbox></object1><object2><name>file</name><bndbox><xmin>119</xmin><ymin>119</ymin><xmax>152</xmax><ymax>152</ymax></bndbox></object2><object3><name>file</name><bndbox><xmin>187</xmin><ymin>187</ymin><xmax>220</xmax><ymax>220</ymax></bndbox></object3><object4><name>file</name><bndbox><xmin>463</xmin><ymin>463</ymin><xmax>496</xmax><ymax>496</ymax></bndbox></object4><object5><name>file</name><bndbox><xmin>421</xmin><ymin>421</ymin><xmax>454</xmax><ymax>454</ymax></bndbox></object5><objnum>5</objnum></annotations>