<annotations><folder>Memset</folder><filename><item>7_1_dump_2210398208.file.2216600192.2216602240.6201984.png</item></filename><object1><name>file</name><bndbox><xmin>241</xmin><ymin>241</ymin><xmax>274</xmax><ymax>274</ymax></bndbox></object1><object2><name>file</name><bndbox><xmin>331</xmin><ymin>331</ymin><xmax>364</xmax><ymax>364</ymax></bndbox></object2><object3><name>file</name><bndbox><xmin>421</xmin><ymin>421</ymin><xmax>454</xmax><ymax>454</ymax></bndbox></object3><objnum>3</objnum></annotations>