<annotations><folder>Memset</folder><filename><item>7_1_dump_2210398208.file.2216305304.2216307352.5907096.png</item></filename><object1><name>file</name><bndbox><xmin>241</xmin><ymin>241</ymin><xmax>274</xmax><ymax>274</ymax></bndbox></object1><object2><name>file</name><bndbox><xmin>427</xmin><ymin>427</ymin><xmax>460</xmax><ymax>460</ymax></bndbox></object2><object3><name>file</name><bndbox><xmin>55</xmin><ymin>55</ymin><xmax>88</xmax><ymax>88</ymax></bndbox></object3><objnum>3</objnum></annotations>