<annotations><folder>Memset</folder><filename><item>7_1_dump_2222981120.thread.2229006052.2229008100.6024932.png</item></filename><object1><name>file</name><bndbox><xmin>452</xmin><ymin>452</ymin><xmax>485</xmax><ymax>485</ymax></bndbox></object1><object2><name>thread</name><bndbox><xmin>170</xmin><ymin>170</ymin><xmax>345</xmax><ymax>345</ymax></bndbox></object2><object3><name>file</name><bndbox><xmin>370</xmin><ymin>370</ymin><xmax>403</xmax><ymax>403</ymax></bndbox></object3><objnum>3</objnum></annotations>