<annotations><folder>Memset</folder><filename><item>7_1_dump_2210398208.file.2215039456.2215041504.4641248.png</item></filename><object1><name>file</name><bndbox><xmin>469</xmin><ymin>469</ymin><xmax>502</xmax><ymax>502</ymax></bndbox></object1><object2><name>file</name><bndbox><xmin>241</xmin><ymin>241</ymin><xmax>274</xmax><ymax>274</ymax></bndbox></object2><object3><name>file</name><bndbox><xmin>169</xmin><ymin>169</ymin><xmax>202</xmax><ymax>202</ymax></bndbox></object3><objnum>3</objnum></annotations>