<annotations><folder>Memset</folder><filename><item>7_1_dump_2222981120.thread.2236677516.2236679564.13696396.png</item></filename><object1><name>thread</name><bndbox><xmin>170</xmin><ymin>170</ymin><xmax>345</xmax><ymax>345</ymax></bndbox></object1><object2><name>file</name><bndbox><xmin>366</xmin><ymin>366</ymin><xmax>399</xmax><ymax>399</ymax></bndbox></object2><object3><name>file</name><bndbox><xmin>416</xmin><ymin>416</ymin><xmax>449</xmax><ymax>449</ymax></bndbox></object3><objnum>3</objnum></annotations>