<annotations><folder>Memset</folder><filename><item>7_1_dump_2210398208.file.2216324032.2216326080.5925824.png</item></filename><object1><name>file</name><bndbox><xmin>287</xmin><ymin>287</ymin><xmax>320</xmax><ymax>320</ymax></bndbox></object1><object2><name>file</name><bndbox><xmin>117</xmin><ymin>117</ymin><xmax>150</xmax><ymax>150</ymax></bndbox></object2><object3><name>file</name><bndbox><xmin>241</xmin><ymin>241</ymin><xmax>274</xmax><ymax>274</ymax></bndbox></object3><objnum>3</objnum></annotations>