<annotations><folder>Memset</folder><filename><item>7_1_dump_2222981120.file.2237800256.2237802304.14819136.png</item></filename><object1><name>file</name><bndbox><xmin>241</xmin><ymin>241</ymin><xmax>274</xmax><ymax>274</ymax></bndbox></object1><object2><name>file</name><bndbox><xmin>63</xmin><ymin>63</ymin><xmax>96</xmax><ymax>96</ymax></bndbox></object2><object3><name>file</name><bndbox><xmin>17</xmin><ymin>17</ymin><xmax>50</xmax><ymax>50</ymax></bndbox></object3><objnum>3</objnum></annotations>