<annotations><folder>Memset</folder><filename><item>7_1_dump_2222981120.file.2237526400.2237528448.14545280.png</item></filename><object1><name>file</name><bndbox><xmin>99</xmin><ymin>99</ymin><xmax>132</xmax><ymax>132</ymax></bndbox></object1><object2><name>file</name><bndbox><xmin>287</xmin><ymin>287</ymin><xmax>320</xmax><ymax>320</ymax></bndbox></object2><object3><name>file</name><bndbox><xmin>241</xmin><ymin>241</ymin><xmax>274</xmax><ymax>274</ymax></bndbox></object3><object4><name>file</name><bndbox><xmin>45</xmin><ymin>45</ymin><xmax>78</xmax><ymax>78</ymax></bndbox></object4><objnum>4</objnum></annotations>