<annotations><folder>Memset</folder><filename><item>7_1_dump_2222981120.file.2235878144.2235880192.12897024.png</item></filename><object1><name>file</name><bndbox><xmin>241</xmin><ymin>241</ymin><xmax>274</xmax><ymax>274</ymax></bndbox></object1><object2><name>file</name><bndbox><xmin>335</xmin><ymin>335</ymin><xmax>368</xmax><ymax>368</ymax></bndbox></object2><object3><name>file</name><bndbox><xmin>457</xmin><ymin>457</ymin><xmax>490</xmax><ymax>490</ymax></bndbox></object3><objnum>3</objnum></annotations>