<annotations><folder>Memset</folder><filename><item>7_1_dump_2210398208.file.2214479368.2214481416.4081160.png</item></filename><object1><name>file</name><bndbox><xmin>241</xmin><ymin>241</ymin><xmax>274</xmax><ymax>274</ymax></bndbox></object1><object2><name>file</name><bndbox><xmin>149</xmin><ymin>149</ymin><xmax>182</xmax><ymax>182</ymax></bndbox></object2><object3><name>file</name><bndbox><xmin>103</xmin><ymin>103</ymin><xmax>136</xmax><ymax>136</ymax></bndbox></object3><objnum>3</objnum></annotations>