<annotations><folder>Memset</folder><filename><item>7_1_dump_2210398208.thread.2218010700.2218012748.7612492.png</item></filename><object1><name>file</name><bndbox><xmin>102</xmin><ymin>102</ymin><xmax>135</xmax><ymax>135</ymax></bndbox></object1><object2><name>thread</name><bndbox><xmin>170</xmin><ymin>170</ymin><xmax>345</xmax><ymax>345</ymax></bndbox></object2><object3><name>file</name><bndbox><xmin>46</xmin><ymin>46</ymin><xmax>79</xmax><ymax>79</ymax></bndbox></object3><objnum>3</objnum></annotations>