<annotations><folder>Memset</folder><filename><item>7_1_dump_2222981120.file.2236236040.2236238088.13254920.png</item></filename><object1><name>file</name><bndbox><xmin>241</xmin><ymin>241</ymin><xmax>274</xmax><ymax>274</ymax></bndbox></object1><object2><name>file</name><bndbox><xmin>287</xmin><ymin>287</ymin><xmax>320</xmax><ymax>320</ymax></bndbox></object2><object3><name>file</name><bndbox><xmin>457</xmin><ymin>457</ymin><xmax>490</xmax><ymax>490</ymax></bndbox></object3><object4><name>file</name><bndbox><xmin>379</xmin><ymin>379</ymin><xmax>412</xmax><ymax>412</ymax></bndbox></object4><objnum>4</objnum></annotations>