<annotations><folder>Memset</folder><filename><item>7_1_dump_2210398208.file.2216279576.2216281624.5881368.png</item></filename><object1><name>file</name><bndbox><xmin>453</xmin><ymin>453</ymin><xmax>486</xmax><ymax>486</ymax></bndbox></object1><object2><name>file</name><bndbox><xmin>241</xmin><ymin>241</ymin><xmax>274</xmax><ymax>274</ymax></bndbox></object2><object3><name>file</name><bndbox><xmin>37</xmin><ymin>37</ymin><xmax>70</xmax><ymax>70</ymax></bndbox></object3><objnum>3</objnum></annotations>