<annotations><folder>Memset</folder><filename><item>7_1_dump_2222981120.file.2235265928.2235267976.12284808.png</item></filename><object1><name>file</name><bndbox><xmin>61</xmin><ymin>61</ymin><xmax>94</xmax><ymax>94</ymax></bndbox></object1><object2><name>file</name><bndbox><xmin>241</xmin><ymin>241</ymin><xmax>274</xmax><ymax>274</ymax></bndbox></object2><object3><name>file</name><bndbox><xmin>283</xmin><ymin>283</ymin><xmax>316</xmax><ymax>316</ymax></bndbox></object3><object4><name>file</name><bndbox><xmin>7</xmin><ymin>7</ymin><xmax>40</xmax><ymax>40</ymax></bndbox></object4><objnum>4</objnum></annotations>