<annotations><folder>Memset</folder><filename><item>7_1_dump_2222981120.file.2237820496.2237822544.14839376.png</item></filename><object1><name>file</name><bndbox><xmin>241</xmin><ymin>241</ymin><xmax>274</xmax><ymax>274</ymax></bndbox></object1><object2><name>file</name><bndbox><xmin>195</xmin><ymin>195</ymin><xmax>228</xmax><ymax>228</ymax></bndbox></object2><object3><name>file</name><bndbox><xmin>357</xmin><ymin>357</ymin><xmax>390</xmax><ymax>390</ymax></bndbox></object3><objnum>3</objnum></annotations>