<annotations><folder>Memset</folder><filename><item>7_1_dump_2210398208.file.2215599040.2215601088.5200832.png</item></filename><object1><name>thread</name><bndbox><xmin>285</xmin><ymin>285</ymin><xmax>460</xmax><ymax>460</ymax></bndbox></object1><object2><name>file</name><bndbox><xmin>241</xmin><ymin>241</ymin><xmax>274</xmax><ymax>274</ymax></bndbox></object2><object3><name>file</name><bndbox><xmin>83</xmin><ymin>83</ymin><xmax>116</xmax><ymax>116</ymax></bndbox></object3><objnum>3</objnum></annotations>