<annotations><folder>Memset</folder><filename><item>7_1_dump_2210398208.file.2215604536.2215606584.5206328.png</item></filename><object1><name>file</name><bndbox><xmin>179</xmin><ymin>179</ymin><xmax>212</xmax><ymax>212</ymax></bndbox></object1><object2><name>file</name><bndbox><xmin>287</xmin><ymin>287</ymin><xmax>320</xmax><ymax>320</ymax></bndbox></object2><object3><name>file</name><bndbox><xmin>349</xmin><ymin>349</ymin><xmax>382</xmax><ymax>382</ymax></bndbox></object3><object4><name>file</name><bndbox><xmin>241</xmin><ymin>241</ymin><xmax>274</xmax><ymax>274</ymax></bndbox></object4><object5><name>file</name><bndbox><xmin>395</xmin><ymin>395</ymin><xmax>428</xmax><ymax>428</ymax></bndbox></object5><objnum>5</objnum></annotations>