<annotations><folder>Memset</folder><filename><item>7_1_dump_2210398208.file.2215046264.2215048312.4648056.png</item></filename><object1><name>file</name><bndbox><xmin>429</xmin><ymin>429</ymin><xmax>462</xmax><ymax>462</ymax></bndbox></object1><object2><name>file</name><bndbox><xmin>241</xmin><ymin>241</ymin><xmax>274</xmax><ymax>274</ymax></bndbox></object2><object3><name>file</name><bndbox><xmin>81</xmin><ymin>81</ymin><xmax>114</xmax><ymax>114</ymax></bndbox></object3><object4><name>file</name><bndbox><xmin>195</xmin><ymin>195</ymin><xmax>228</xmax><ymax>228</ymax></bndbox></object4><objnum>4</objnum></annotations>