<annotations><folder>Memset</folder><filename><item>7_1_dump_2222981120.file.2236150704.2236152752.13169584.png</item></filename><object1><name>file</name><bndbox><xmin>133</xmin><ymin>133</ymin><xmax>166</xmax><ymax>166</ymax></bndbox></object1><object2><name>file</name><bndbox><xmin>241</xmin><ymin>241</ymin><xmax>274</xmax><ymax>274</ymax></bndbox></object2><object3><name>file</name><bndbox><xmin>69</xmin><ymin>69</ymin><xmax>102</xmax><ymax>102</ymax></bndbox></object3><objnum>3</objnum></annotations>