<annotations><folder>Memset</folder><filename><item>7_1_dump_2210398208.file.2215622400.2215624448.5224192.png</item></filename><object1><name>file</name><bndbox><xmin>241</xmin><ymin>241</ymin><xmax>274</xmax><ymax>274</ymax></bndbox></object1><object2><name>file</name><bndbox><xmin>145</xmin><ymin>145</ymin><xmax>178</xmax><ymax>178</ymax></bndbox></object2><object3><name>file</name><bndbox><xmin>399</xmin><ymin>399</ymin><xmax>432</xmax><ymax>432</ymax></bndbox></object3><objnum>3</objnum></annotations>