<annotations><folder>Memset</folder><filename><item>7_1_dump_2222981120.file.2223257056.2223259104.275936.png</item></filename><object1><name>file</name><bndbox><xmin>399</xmin><ymin>399</ymin><xmax>432</xmax><ymax>432</ymax></bndbox></object1><object2><name>file</name><bndbox><xmin>241</xmin><ymin>241</ymin><xmax>274</xmax><ymax>274</ymax></bndbox></object2><object3><name>file</name><bndbox><xmin>83</xmin><ymin>83</ymin><xmax>116</xmax><ymax>116</ymax></bndbox></object3><objnum>3</objnum></annotations>