<annotations><folder>Memset</folder><filename><item>7_1_dump_2222981120.thread.2238187100.2238189148.15205980.png</item></filename><object1><name>file</name><bndbox><xmin>472</xmin><ymin>472</ymin><xmax>505</xmax><ymax>505</ymax></bndbox></object1><object2><name>thread</name><bndbox><xmin>170</xmin><ymin>170</ymin><xmax>345</xmax><ymax>345</ymax></bndbox></object2><object3><name>file</name><bndbox><xmin>58</xmin><ymin>58</ymin><xmax>91</xmax><ymax>91</ymax></bndbox></object3><objnum>3</objnum></annotations>