<annotations><folder>Memset</folder><filename><item>7_1_dump_2222981120.thread.2238385948.2238387996.15404828.png</item></filename><object1><name>thread</name><bndbox><xmin>170</xmin><ymin>170</ymin><xmax>345</xmax><ymax>345</ymax></bndbox></object1><object2><name>file</name><bndbox><xmin>26</xmin><ymin>26</ymin><xmax>59</xmax><ymax>59</ymax></bndbox></object2><object3><name>file</name><bndbox><xmin>376</xmin><ymin>376</ymin><xmax>409</xmax><ymax>409</ymax></bndbox></object3><objnum>3</objnum></annotations>