<annotations><folder>Memset</folder><filename><item>7_1_dump_2222981120.file.2238371160.2238373208.15390040.png</item></filename><object1><name>file</name><bndbox><xmin>119</xmin><ymin>119</ymin><xmax>152</xmax><ymax>152</ymax></bndbox></object1><object2><name>file</name><bndbox><xmin>241</xmin><ymin>241</ymin><xmax>274</xmax><ymax>274</ymax></bndbox></object2><object3><name>file</name><bndbox><xmin>315</xmin><ymin>315</ymin><xmax>348</xmax><ymax>348</ymax></bndbox></object3><objnum>3</objnum></annotations>