<annotations><folder>Memset</folder><filename><item>7_1_dump_2222981120.file.2238344808.2238346856.15363688.png</item></filename><object1><name>file</name><bndbox><xmin>473</xmin><ymin>473</ymin><xmax>506</xmax><ymax>506</ymax></bndbox></object1><object2><name>file</name><bndbox><xmin>117</xmin><ymin>117</ymin><xmax>150</xmax><ymax>150</ymax></bndbox></object2><object3><name>file</name><bndbox><xmin>241</xmin><ymin>241</ymin><xmax>274</xmax><ymax>274</ymax></bndbox></object3><object4><name>file</name><bndbox><xmin>9</xmin><ymin>9</ymin><xmax>42</xmax><ymax>42</ymax></bndbox></object4><objnum>4</objnum></annotations>