<annotations><folder>Memset</folder><filename><item>7_1_dump_2222981120.file.2235190392.2235192440.12209272.png</item></filename><object1><name>file</name><bndbox><xmin>315</xmin><ymin>315</ymin><xmax>348</xmax><ymax>348</ymax></bndbox></object1><object2><name>file</name><bndbox><xmin>241</xmin><ymin>241</ymin><xmax>274</xmax><ymax>274</ymax></bndbox></object2><object3><name>drivers</name><bndbox><xmin>95</xmin><ymin>95</ymin><xmax>138</xmax><ymax>138</ymax></bndbox></object3><object4><name>file</name><bndbox><xmin>13</xmin><ymin>13</ymin><xmax>46</xmax><ymax>46</ymax></bndbox></object4><objnum>4</objnum></annotations>