<annotations><folder>Memset</folder><filename><item>7_1_dump_2210398208.file.2216162560.2216164608.5764352.png</item></filename><object1><name>file</name><bndbox><xmin>5</xmin><ymin>5</ymin><xmax>38</xmax><ymax>38</ymax></bndbox></object1><object2><name>file</name><bndbox><xmin>79</xmin><ymin>79</ymin><xmax>112</xmax><ymax>112</ymax></bndbox></object2><object3><name>file</name><bndbox><xmin>241</xmin><ymin>241</ymin><xmax>274</xmax><ymax>274</ymax></bndbox></object3><object4><name>file</name><bndbox><xmin>461</xmin><ymin>461</ymin><xmax>494</xmax><ymax>494</ymax></bndbox></object4><objnum>4</objnum></annotations>