<annotations><folder>Memset</folder><filename><item>7_1_dump_2210398208.file.2215159096.2215161144.4760888.png</item></filename><object1><name>file</name><bndbox><xmin>195</xmin><ymin>195</ymin><xmax>228</xmax><ymax>228</ymax></bndbox></object1><object2><name>file</name><bndbox><xmin>241</xmin><ymin>241</ymin><xmax>274</xmax><ymax>274</ymax></bndbox></object2><object3><name>file</name><bndbox><xmin>131</xmin><ymin>131</ymin><xmax>164</xmax><ymax>164</ymax></bndbox></object3><objnum>3</objnum></annotations>