<annotations><folder>Memset</folder><filename><item>7_1_dump_2210398208.file.2215688384.2215690432.5290176.png</item></filename><object1><name>file</name><bndbox><xmin>81</xmin><ymin>81</ymin><xmax>114</xmax><ymax>114</ymax></bndbox></object1><object2><name>file</name><bndbox><xmin>241</xmin><ymin>241</ymin><xmax>274</xmax><ymax>274</ymax></bndbox></object2><object3><name>file</name><bndbox><xmin>433</xmin><ymin>433</ymin><xmax>466</xmax><ymax>466</ymax></bndbox></object3><objnum>3</objnum></annotations>