<annotations><folder>Memset</folder><filename><item>7_1_dump_2222981120.file.2236604216.2236606264.13623096.png</item></filename><object1><name>file</name><bndbox><xmin>287</xmin><ymin>287</ymin><xmax>320</xmax><ymax>320</ymax></bndbox></object1><object2><name>file</name><bndbox><xmin>189</xmin><ymin>189</ymin><xmax>222</xmax><ymax>222</ymax></bndbox></object2><object3><name>file</name><bndbox><xmin>241</xmin><ymin>241</ymin><xmax>274</xmax><ymax>274</ymax></bndbox></object3><objnum>3</objnum></annotations>