<annotations><folder>Memset</folder><filename><item>7_1_dump_2222981120.file.2228888464.2228890512.5907344.png</item></filename><object1><name>file</name><bndbox><xmin>241</xmin><ymin>241</ymin><xmax>274</xmax><ymax>274</ymax></bndbox></object1><object2><name>drivers</name><bndbox><xmin>181</xmin><ymin>181</ymin><xmax>224</xmax><ymax>224</ymax></bndbox></object2><object3><name>drivers</name><bndbox><xmin>335</xmin><ymin>335</ymin><xmax>378</xmax><ymax>378</ymax></bndbox></object3><objnum>3</objnum></annotations>