<annotations><folder>Memset</folder><filename><item>7_1_dump_2210398208.file.2214982728.2214984776.4584520.png</item></filename><object1><name>file</name><bndbox><xmin>381</xmin><ymin>381</ymin><xmax>414</xmax><ymax>414</ymax></bndbox></object1><object2><name>file</name><bndbox><xmin>241</xmin><ymin>241</ymin><xmax>274</xmax><ymax>274</ymax></bndbox></object2><object3><name>file</name><bndbox><xmin>29</xmin><ymin>29</ymin><xmax>62</xmax><ymax>62</ymax></bndbox></object3><objnum>3</objnum></annotations>