<annotations><folder>Memset</folder><filename><item>7_1_dump_2210398208.file.2215006584.2215008632.4608376.png</item></filename><object1><name>file</name><bndbox><xmin>305</xmin><ymin>305</ymin><xmax>338</xmax><ymax>338</ymax></bndbox></object1><object2><name>file</name><bndbox><xmin>89</xmin><ymin>89</ymin><xmax>122</xmax><ymax>122</ymax></bndbox></object2><object3><name>file</name><bndbox><xmin>241</xmin><ymin>241</ymin><xmax>274</xmax><ymax>274</ymax></bndbox></object3><objnum>3</objnum></annotations>