<annotations><folder>Memset</folder><filename><item>7_1_dump_2431393792.file.2431393384.2431395432.-408.png</item></filename><object1><name>file</name><bndbox><xmin>143</xmin><ymin>143</ymin><xmax>176</xmax><ymax>176</ymax></bndbox></object1><object2><name>file</name><bndbox><xmin>241</xmin><ymin>241</ymin><xmax>274</xmax><ymax>274</ymax></bndbox></object2><object3><name>file</name><bndbox><xmin>333</xmin><ymin>333</ymin><xmax>366</xmax><ymax>366</ymax></bndbox></object3><objnum>3</objnum></annotations>