<annotations><folder>Memset</folder><filename><item>7_1_dump_2210398208.file.2215683968.2215686016.5285760.png</item></filename><object1><name>file</name><bndbox><xmin>241</xmin><ymin>241</ymin><xmax>274</xmax><ymax>274</ymax></bndbox></object1><object2><name>file</name><bndbox><xmin>179</xmin><ymin>179</ymin><xmax>212</xmax><ymax>212</ymax></bndbox></object2><object3><name>file</name><bndbox><xmin>323</xmin><ymin>323</ymin><xmax>356</xmax><ymax>356</ymax></bndbox></object3><object4><name>file</name><bndbox><xmin>467</xmin><ymin>467</ymin><xmax>500</xmax><ymax>500</ymax></bndbox></object4><objnum>4</objnum></annotations>