<annotations><folder>Memset</folder><filename><item>7_1_dump_2210398208.file.2215234680.2215236728.4836472.png</item></filename><object1><name>file</name><bndbox><xmin>125</xmin><ymin>125</ymin><xmax>158</xmax><ymax>158</ymax></bndbox></object1><object2><name>file</name><bndbox><xmin>317</xmin><ymin>317</ymin><xmax>350</xmax><ymax>350</ymax></bndbox></object2><object3><name>file</name><bndbox><xmin>241</xmin><ymin>241</ymin><xmax>274</xmax><ymax>274</ymax></bndbox></object3><object4><name>file</name><bndbox><xmin>33</xmin><ymin>33</ymin><xmax>66</xmax><ymax>66</ymax></bndbox></object4><objnum>4</objnum></annotations>