<annotations><folder>Memset</folder><filename><item>7_1_dump_2222981120.file.2235273184.2235275232.12292064.png</item></filename><object1><name>file</name><bndbox><xmin>173</xmin><ymin>173</ymin><xmax>206</xmax><ymax>206</ymax></bndbox></object1><object2><name>file</name><bndbox><xmin>241</xmin><ymin>241</ymin><xmax>274</xmax><ymax>274</ymax></bndbox></object2><object3><name>file</name><bndbox><xmin>23</xmin><ymin>23</ymin><xmax>56</xmax><ymax>56</ymax></bndbox></object3><objnum>3</objnum></annotations>