<annotations><folder>Memset</folder><filename><item>7_1_dump_2222981120.file.2237649176.2237651224.14668056.png</item></filename><object1><name>file</name><bndbox><xmin>15</xmin><ymin>15</ymin><xmax>48</xmax><ymax>48</ymax></bndbox></object1><object2><name>file</name><bndbox><xmin>241</xmin><ymin>241</ymin><xmax>274</xmax><ymax>274</ymax></bndbox></object2><object3><name>file</name><bndbox><xmin>61</xmin><ymin>61</ymin><xmax>94</xmax><ymax>94</ymax></bndbox></object3><object4><name>file</name><bndbox><xmin>305</xmin><ymin>305</ymin><xmax>338</xmax><ymax>338</ymax></bndbox></object4><objnum>4</objnum></annotations>