<annotations><folder>Memset</folder><filename><item>7_1_dump_2210398208.file.2215011704.2215013752.4613496.png</item></filename><object1><name>file</name><bndbox><xmin>315</xmin><ymin>315</ymin><xmax>348</xmax><ymax>348</ymax></bndbox></object1><object2><name>file</name><bndbox><xmin>435</xmin><ymin>435</ymin><xmax>468</xmax><ymax>468</ymax></bndbox></object2><object3><name>file</name><bndbox><xmin>167</xmin><ymin>167</ymin><xmax>200</xmax><ymax>200</ymax></bndbox></object3><object4><name>file</name><bndbox><xmin>389</xmin><ymin>389</ymin><xmax>422</xmax><ymax>422</ymax></bndbox></object4><object5><name>file</name><bndbox><xmin>241</xmin><ymin>241</ymin><xmax>274</xmax><ymax>274</ymax></bndbox></object5><objnum>5</objnum></annotations>