<annotations><folder>Memset</folder><filename><item>7_1_dump_2222981120.file.2238179360.2238181408.15198240.png</item></filename><object1><name>file</name><bndbox><xmin>361</xmin><ymin>361</ymin><xmax>394</xmax><ymax>394</ymax></bndbox></object1><object2><name>file</name><bndbox><xmin>61</xmin><ymin>61</ymin><xmax>94</xmax><ymax>94</ymax></bndbox></object2><object3><name>file</name><bndbox><xmin>241</xmin><ymin>241</ymin><xmax>274</xmax><ymax>274</ymax></bndbox></object3><objnum>3</objnum></annotations>