<annotations><folder>Memset</folder><filename><item>7_1_dump_2222981120.file.2229507296.2229509344.6526176.png</item></filename><object1><name>file</name><bndbox><xmin>153</xmin><ymin>153</ymin><xmax>186</xmax><ymax>186</ymax></bndbox></object1><object2><name>file</name><bndbox><xmin>195</xmin><ymin>195</ymin><xmax>228</xmax><ymax>228</ymax></bndbox></object2><object3><name>file</name><bndbox><xmin>283</xmin><ymin>283</ymin><xmax>316</xmax><ymax>316</ymax></bndbox></object3><object4><name>file</name><bndbox><xmin>241</xmin><ymin>241</ymin><xmax>274</xmax><ymax>274</ymax></bndbox></object4><objnum>4</objnum></annotations>