<annotations><folder>Memset</folder><filename><item>7_1_dump_2210398208.file.2216287352.2216289400.5889144.png</item></filename><object1><name>file</name><bndbox><xmin>167</xmin><ymin>167</ymin><xmax>200</xmax><ymax>200</ymax></bndbox></object1><object2><name>file</name><bndbox><xmin>7</xmin><ymin>7</ymin><xmax>40</xmax><ymax>40</ymax></bndbox></object2><object3><name>file</name><bndbox><xmin>241</xmin><ymin>241</ymin><xmax>274</xmax><ymax>274</ymax></bndbox></object3><objnum>3</objnum></annotations>