<annotations><folder>Memset</folder><filename><item>7_1_dump_2210398208.file.2215932528.2215934576.5534320.png</item></filename><object1><name>file</name><bndbox><xmin>21</xmin><ymin>21</ymin><xmax>54</xmax><ymax>54</ymax></bndbox></object1><object2><name>file</name><bndbox><xmin>453</xmin><ymin>453</ymin><xmax>486</xmax><ymax>486</ymax></bndbox></object2><object3><name>file</name><bndbox><xmin>241</xmin><ymin>241</ymin><xmax>274</xmax><ymax>274</ymax></bndbox></object3><objnum>3</objnum></annotations>