<annotations><folder>Memset</folder><filename><item>7_1_dump_2222981120.file.2236998464.2237000512.14017344.png</item></filename><object1><name>file</name><bndbox><xmin>383</xmin><ymin>383</ymin><xmax>416</xmax><ymax>416</ymax></bndbox></object1><object2><name>file</name><bndbox><xmin>241</xmin><ymin>241</ymin><xmax>274</xmax><ymax>274</ymax></bndbox></object2><object3><name>file</name><bndbox><xmin>287</xmin><ymin>287</ymin><xmax>320</xmax><ymax>320</ymax></bndbox></object3><objnum>3</objnum></annotations>