<annotations><folder>Memset</folder><filename><item>7_1_dump_2222981120.file.2235272128.2235274176.12291008.png</item></filename><object1><name>file</name><bndbox><xmin>437</xmin><ymin>437</ymin><xmax>470</xmax><ymax>470</ymax></bndbox></object1><object2><name>file</name><bndbox><xmin>287</xmin><ymin>287</ymin><xmax>320</xmax><ymax>320</ymax></bndbox></object2><object3><name>file</name><bndbox><xmin>241</xmin><ymin>241</ymin><xmax>274</xmax><ymax>274</ymax></bndbox></object3><objnum>3</objnum></annotations>