<annotations><folder>Memset</folder><filename><item>7_1_dump_2210398208.thread.2216092900.2216094948.5694692.png</item></filename><object1><name>file</name><bndbox><xmin>126</xmin><ymin>126</ymin><xmax>159</xmax><ymax>159</ymax></bndbox></object1><object2><name>file</name><bndbox><xmin>80</xmin><ymin>80</ymin><xmax>113</xmax><ymax>113</ymax></bndbox></object2><object3><name>thread</name><bndbox><xmin>170</xmin><ymin>170</ymin><xmax>345</xmax><ymax>345</ymax></bndbox></object3><objnum>3</objnum></annotations>