<annotations><folder>Memset</folder><filename><item>7_1_dump_2222981120.file.2236921288.2236923336.13940168.png</item></filename><object1><name>file</name><bndbox><xmin>149</xmin><ymin>149</ymin><xmax>182</xmax><ymax>182</ymax></bndbox></object1><object2><name>file</name><bndbox><xmin>363</xmin><ymin>363</ymin><xmax>396</xmax><ymax>396</ymax></bndbox></object2><object3><name>file</name><bndbox><xmin>103</xmin><ymin>103</ymin><xmax>136</xmax><ymax>136</ymax></bndbox></object3><object4><name>file</name><bndbox><xmin>195</xmin><ymin>195</ymin><xmax>228</xmax><ymax>228</ymax></bndbox></object4><object5><name>file</name><bndbox><xmin>241</xmin><ymin>241</ymin><xmax>274</xmax><ymax>274</ymax></bndbox></object5><object6><name>file</name><bndbox><xmin>287</xmin><ymin>287</ymin><xmax>320</xmax><ymax>320</ymax></bndbox></object6><objnum>6</objnum></annotations>