<annotations><folder>Memset</folder><filename><item>7_1_dump_2210398208.file.2216163440.2216165488.5765232.png</item></filename><object1><name>file</name><bndbox><xmin>21</xmin><ymin>21</ymin><xmax>54</xmax><ymax>54</ymax></bndbox></object1><object2><name>file</name><bndbox><xmin>403</xmin><ymin>403</ymin><xmax>436</xmax><ymax>436</ymax></bndbox></object2><object3><name>file</name><bndbox><xmin>241</xmin><ymin>241</ymin><xmax>274</xmax><ymax>274</ymax></bndbox></object3><objnum>3</objnum></annotations>