<annotations><folder>Memset</folder><filename><item>7_1_dump_2222981120.file.2235239712.2235241760.12258592.png</item></filename><object1><name>file</name><bndbox><xmin>241</xmin><ymin>241</ymin><xmax>274</xmax><ymax>274</ymax></bndbox></object1><object2><name>file</name><bndbox><xmin>349</xmin><ymin>349</ymin><xmax>382</xmax><ymax>382</ymax></bndbox></object2><object3><name>file</name><bndbox><xmin>417</xmin><ymin>417</ymin><xmax>450</xmax><ymax>450</ymax></bndbox></object3><objnum>3</objnum></annotations>