<annotations><folder>Memset</folder><filename><item>7_1_dump_2222981120.file.2236750336.2236752384.13769216.png</item></filename><object1><name>file</name><bndbox><xmin>337</xmin><ymin>337</ymin><xmax>370</xmax><ymax>370</ymax></bndbox></object1><object2><name>file</name><bndbox><xmin>117</xmin><ymin>117</ymin><xmax>150</xmax><ymax>150</ymax></bndbox></object2><object3><name>file</name><bndbox><xmin>241</xmin><ymin>241</ymin><xmax>274</xmax><ymax>274</ymax></bndbox></object3><objnum>3</objnum></annotations>