<annotations><folder>Memset</folder><filename><item>7_1_dump_2222981120.file.2236912624.2236914672.13931504.png</item></filename><object1><name>file</name><bndbox><xmin>51</xmin><ymin>51</ymin><xmax>84</xmax><ymax>84</ymax></bndbox></object1><object2><name>file</name><bndbox><xmin>369</xmin><ymin>369</ymin><xmax>402</xmax><ymax>402</ymax></bndbox></object2><object3><name>file</name><bndbox><xmin>241</xmin><ymin>241</ymin><xmax>274</xmax><ymax>274</ymax></bndbox></object3><object4><name>file</name><bndbox><xmin>323</xmin><ymin>323</ymin><xmax>356</xmax><ymax>356</ymax></bndbox></object4><objnum>4</objnum></annotations>