<annotations><folder>Memset</folder><filename><item>7_1_dump_2210398208.file.2216100296.2216102344.5702088.png</item></filename><object1><name>thread</name><bndbox><xmin>285</xmin><ymin>285</ymin><xmax>460</xmax><ymax>460</ymax></bndbox></object1><object2><name>file</name><bndbox><xmin>145</xmin><ymin>145</ymin><xmax>178</xmax><ymax>178</ymax></bndbox></object2><object3><name>file</name><bndbox><xmin>1</xmin><ymin>1</ymin><xmax>34</xmax><ymax>34</ymax></bndbox></object3><object4><name>file</name><bndbox><xmin>241</xmin><ymin>241</ymin><xmax>274</xmax><ymax>274</ymax></bndbox></object4><objnum>4</objnum></annotations>