<annotations><folder>Memset</folder><filename><item>7_1_dump_2210398208.file.2214478816.2214480864.4080608.png</item></filename><object1><name>file</name><bndbox><xmin>379</xmin><ymin>379</ymin><xmax>412</xmax><ymax>412</ymax></bndbox></object1><object2><name>file</name><bndbox><xmin>287</xmin><ymin>287</ymin><xmax>320</xmax><ymax>320</ymax></bndbox></object2><object3><name>file</name><bndbox><xmin>241</xmin><ymin>241</ymin><xmax>274</xmax><ymax>274</ymax></bndbox></object3><objnum>3</objnum></annotations>