<annotations><folder>Memset</folder><filename><item>10_raw_0.seg.2532311040.2532364288.2532311040.png</item></filename><object1><name>thread</name><bndbox><xmin>3377</xmin><ymin>3377</ymin><xmax>3556</xmax><ymax>3556</ymax></bndbox></object1><object2><name>thread</name><bndbox><xmin>10657</xmin><ymin>10657</ymin><xmax>10836</xmax><ymax>10836</ymax></bndbox></object2><object3><name>thread</name><bndbox><xmin>6161</xmin><ymin>6161</ymin><xmax>6340</xmax><ymax>6340</ymax></bndbox></object3><object4><name>thread</name><bndbox><xmin>10849</xmin><ymin>10849</ymin><xmax>11028</xmax><ymax>11028</ymax></bndbox></object4><object5><name>thread</name><bndbox><xmin>10065</xmin><ymin>10065</ymin><xmax>10244</xmax><ymax>10244</ymax></bndbox></object5><object6><name>thread</name><bndbox><xmin>10257</xmin><ymin>10257</ymin><xmax>10436</xmax><ymax>10436</ymax></bndbox></object6><object7><name>thread</name><bndbox><xmin>11089</xmin><ymin>11089</ymin><xmax>11268</xmax><ymax>11268</ymax></bndbox></object7><object8><name>thread</name><bndbox><xmin>7185</xmin><ymin>7185</ymin><xmax>7364</xmax><ymax>7364</ymax></bndbox></object8><object9><name>thread</name><bndbox><xmin>11569</xmin><ymin>11569</ymin><xmax>11748</xmax><ymax>11748</ymax></bndbox></object9><object10><name>thread</name><bndbox><xmin>6577</xmin><ymin>6577</ymin><xmax>6756</xmax><ymax>6756</ymax></bndbox></object10><object11><name>thread</name><bndbox><xmin>3921</xmin><ymin>3921</ymin><xmax>4100</xmax><ymax>4100</ymax></bndbox></object11><objnum>11</objnum></annotations>