<annotations><folder>Memset</folder><filename><item>10_raw_0.seg.2532823040.2532864000.2532823040.png</item></filename><object1><name>thread</name><bndbox><xmin>9041</xmin><ymin>9041</ymin><xmax>9220</xmax><ymax>9220</ymax></bndbox></object1><object2><name>thread</name><bndbox><xmin>6625</xmin><ymin>6625</ymin><xmax>6804</xmax><ymax>6804</ymax></bndbox></object2><object3><name>thread</name><bndbox><xmin>7921</xmin><ymin>7921</ymin><xmax>8100</xmax><ymax>8100</ymax></bndbox></object3><object4><name>thread</name><bndbox><xmin>9473</xmin><ymin>9473</ymin><xmax>9652</xmax><ymax>9652</ymax></bndbox></object4><object5><name>thread</name><bndbox><xmin>6161</xmin><ymin>6161</ymin><xmax>6340</xmax><ymax>6340</ymax></bndbox></object5><object6><name>thread</name><bndbox><xmin>17</xmin><ymin>17</ymin><xmax>196</xmax><ymax>196</ymax></bndbox></object6><object7><name>thread</name><bndbox><xmin>4369</xmin><ymin>4369</ymin><xmax>4548</xmax><ymax>4548</ymax></bndbox></object7><object8><name>thread</name><bndbox><xmin>5793</xmin><ymin>5793</ymin><xmax>5972</xmax><ymax>5972</ymax></bndbox></object8><object9><name>thread</name><bndbox><xmin>3681</xmin><ymin>3681</ymin><xmax>3860</xmax><ymax>3860</ymax></bndbox></object9><object10><name>thread</name><bndbox><xmin>6993</xmin><ymin>6993</ymin><xmax>7172</xmax><ymax>7172</ymax></bndbox></object10><object11><name>thread</name><bndbox><xmin>9841</xmin><ymin>9841</ymin><xmax>10020</xmax><ymax>10020</ymax></bndbox></object11><objnum>11</objnum></annotations>