<annotations><folder>Memset</folder><filename><item>10_raw_0.seg.2531639296.2531696640.2531639296.png</item></filename><object1><name>process</name><bndbox><xmin>6241</xmin><ymin>6241</ymin><xmax>6428</xmax><ymax>6428</ymax></bndbox></object1><object2><name>thread</name><bndbox><xmin>849</xmin><ymin>849</ymin><xmax>1028</xmax><ymax>1028</ymax></bndbox></object2><object3><name>thread</name><bndbox><xmin>5633</xmin><ymin>5633</ymin><xmax>5812</xmax><ymax>5812</ymax></bndbox></object3><object4><name>thread</name><bndbox><xmin>6481</xmin><ymin>6481</ymin><xmax>6660</xmax><ymax>6660</ymax></bndbox></object4><object5><name>thread</name><bndbox><xmin>12705</xmin><ymin>12705</ymin><xmax>12884</xmax><ymax>12884</ymax></bndbox></object5><object6><name>thread</name><bndbox><xmin>1041</xmin><ymin>1041</ymin><xmax>1220</xmax><ymax>1220</ymax></bndbox></object6><objnum>6</objnum></annotations>