<annotations><folder>Memset</folder><filename><item>10_raw_0.seg.2459918336.2459959296.2459918336.png</item></filename><object1><name>thread</name><bndbox><xmin>6385</xmin><ymin>6385</ymin><xmax>6564</xmax><ymax>6564</ymax></bndbox></object1><object2><name>thread</name><bndbox><xmin>17</xmin><ymin>17</ymin><xmax>196</xmax><ymax>196</ymax></bndbox></object2><object3><name>thread</name><bndbox><xmin>8513</xmin><ymin>8513</ymin><xmax>8692</xmax><ymax>8692</ymax></bndbox></object3><object4><name>thread</name><bndbox><xmin>8769</xmin><ymin>8769</ymin><xmax>8948</xmax><ymax>8948</ymax></bndbox></object4><object5><name>thread</name><bndbox><xmin>8017</xmin><ymin>8017</ymin><xmax>8196</xmax><ymax>8196</ymax></bndbox></object5><object6><name>thread</name><bndbox><xmin>1873</xmin><ymin>1873</ymin><xmax>2052</xmax><ymax>2052</ymax></bndbox></object6><objnum>6</objnum></annotations>