<annotations><folder>Memset</folder><filename><item>10_raw_0.seg.2532368384.2532466688.2532368384.png</item></filename><object1><name>process</name><bndbox><xmin>3889</xmin><ymin>3889</ymin><xmax>4076</xmax><ymax>4076</ymax></bndbox></object1><object2><name>thread</name><bndbox><xmin>17969</xmin><ymin>17969</ymin><xmax>18148</xmax><ymax>18148</ymax></bndbox></object2><object3><name>thread</name><bndbox><xmin>12897</xmin><ymin>12897</ymin><xmax>13076</xmax><ymax>13076</ymax></bndbox></object3><object4><name>thread</name><bndbox><xmin>21329</xmin><ymin>21329</ymin><xmax>21508</xmax><ymax>21508</ymax></bndbox></object4><object5><name>thread</name><bndbox><xmin>12305</xmin><ymin>12305</ymin><xmax>12484</xmax><ymax>12484</ymax></bndbox></object5><object6><name>thread</name><bndbox><xmin>15185</xmin><ymin>15185</ymin><xmax>15364</xmax><ymax>15364</ymax></bndbox></object6><object7><name>thread</name><bndbox><xmin>3457</xmin><ymin>3457</ymin><xmax>3636</xmax><ymax>3636</ymax></bndbox></object7><object8><name>thread</name><bndbox><xmin>20305</xmin><ymin>20305</ymin><xmax>20484</xmax><ymax>20484</ymax></bndbox></object8><object9><name>thread</name><bndbox><xmin>8017</xmin><ymin>8017</ymin><xmax>8196</xmax><ymax>8196</ymax></bndbox></object9><object10><name>thread</name><bndbox><xmin>7553</xmin><ymin>7553</ymin><xmax>7732</xmax><ymax>7732</ymax></bndbox></object10><object11><name>thread</name><bndbox><xmin>577</xmin><ymin>577</ymin><xmax>756</xmax><ymax>756</ymax></bndbox></object11><objnum>11</objnum></annotations>