<annotations><folder>Memset</folder><filename><item>10_raw_0.seg.2531803136.2532024320.2531803136.png</item></filename><object1><name>thread</name><bndbox><xmin>51793</xmin><ymin>51793</ymin><xmax>51972</xmax><ymax>51972</ymax></bndbox></object1><object2><name>thread</name><bndbox><xmin>8657</xmin><ymin>8657</ymin><xmax>8836</xmax><ymax>8836</ymax></bndbox></object2><object3><name>thread</name><bndbox><xmin>27841</xmin><ymin>27841</ymin><xmax>28020</xmax><ymax>28020</ymax></bndbox></object3><object4><name>thread</name><bndbox><xmin>48385</xmin><ymin>48385</ymin><xmax>48564</xmax><ymax>48564</ymax></bndbox></object4><object5><name>thread</name><bndbox><xmin>43425</xmin><ymin>43425</ymin><xmax>43604</xmax><ymax>43604</ymax></bndbox></object5><object6><name>thread</name><bndbox><xmin>51217</xmin><ymin>51217</ymin><xmax>51396</xmax><ymax>51396</ymax></bndbox></object6><object7><name>thread</name><bndbox><xmin>48593</xmin><ymin>48593</ymin><xmax>48772</xmax><ymax>48772</ymax></bndbox></object7><object8><name>thread</name><bndbox><xmin>28049</xmin><ymin>28049</ymin><xmax>28228</xmax><ymax>28228</ymax></bndbox></object8><object9><name>thread</name><bndbox><xmin>53777</xmin><ymin>53777</ymin><xmax>53956</xmax><ymax>53956</ymax></bndbox></object9><object10><name>thread</name><bndbox><xmin>51025</xmin><ymin>51025</ymin><xmax>51204</xmax><ymax>51204</ymax></bndbox></object10><object11><name>thread</name><bndbox><xmin>18625</xmin><ymin>18625</ymin><xmax>18804</xmax><ymax>18804</ymax></bndbox></object11><object12><name>thread</name><bndbox><xmin>46689</xmin><ymin>46689</ymin><xmax>46868</xmax><ymax>46868</ymax></bndbox></object12><object13><name>thread</name><bndbox><xmin>50529</xmin><ymin>50529</ymin><xmax>50708</xmax><ymax>50708</ymax></bndbox></object13><objnum>13</objnum></annotations>