<annotations><folder>Memset</folder><filename><item>10_raw_0.seg.2202009600.2204106752.2202009600.png</item></filename><object1><name>process</name><bndbox><xmin>83265</xmin><ymin>83265</ymin><xmax>83452</xmax><ymax>83452</ymax></bndbox></object1><object2><name>process</name><bndbox><xmin>252945</xmin><ymin>252945</ymin><xmax>253132</xmax><ymax>253132</ymax></bndbox></object2><object3><name>process</name><bndbox><xmin>262577</xmin><ymin>262577</ymin><xmax>262764</xmax><ymax>262764</ymax></bndbox></object3><object4><name>process</name><bndbox><xmin>236561</xmin><ymin>236561</ymin><xmax>236748</xmax><ymax>236748</ymax></bndbox></object4><object5><name>process</name><bndbox><xmin>238609</xmin><ymin>238609</ymin><xmax>238796</xmax><ymax>238796</ymax></bndbox></object5><object6><name>process</name><bndbox><xmin>239633</xmin><ymin>239633</ymin><xmax>239820</xmax><ymax>239820</ymax></bndbox></object6><object7><name>process</name><bndbox><xmin>228369</xmin><ymin>228369</ymin><xmax>228556</xmax><ymax>228556</ymax></bndbox></object7><object8><name>thread</name><bndbox><xmin>251393</xmin><ymin>251393</ymin><xmax>251572</xmax><ymax>251572</ymax></bndbox></object8><object9><name>thread</name><bndbox><xmin>115729</xmin><ymin>115729</ymin><xmax>115908</xmax><ymax>115908</ymax></bndbox></object9><object10><name>thread</name><bndbox><xmin>92177</xmin><ymin>92177</ymin><xmax>92356</xmax><ymax>92356</ymax></bndbox></object10><object11><name>thread</name><bndbox><xmin>271377</xmin><ymin>271377</ymin><xmax>271556</xmax><ymax>271556</ymax></bndbox></object11><object12><name>thread</name><bndbox><xmin>272209</xmin><ymin>272209</ymin><xmax>272388</xmax><ymax>272388</ymax></bndbox></object12><object13><name>thread</name><bndbox><xmin>425393</xmin><ymin>425393</ymin><xmax>425572</xmax><ymax>425572</ymax></bndbox></object13><object14><name>thread</name><bndbox><xmin>425185</xmin><ymin>425185</ymin><xmax>425364</xmax><ymax>425364</ymax></bndbox></object14><object15><name>thread</name><bndbox><xmin>73057</xmin><ymin>73057</ymin><xmax>73236</xmax><ymax>73236</ymax></bndbox></object15><object16><name>thread</name><bndbox><xmin>139633</xmin><ymin>139633</ymin><xmax>139812</xmax><ymax>139812</ymax></bndbox></object16><object17><name>thread</name><bndbox><xmin>142161</xmin><ymin>142161</ymin><xmax>142340</xmax><ymax>142340</ymax></bndbox></object17><object18><name>thread</name><bndbox><xmin>101393</xmin><ymin>101393</ymin><xmax>101572</xmax><ymax>101572</ymax></bndbox></object18><object19><name>thread</name><bndbox><xmin>279953</xmin><ymin>279953</ymin><xmax>280132</xmax><ymax>280132</ymax></bndbox></object19><object20><name>thread</name><bndbox><xmin>82961</xmin><ymin>82961</ymin><xmax>83140</xmax><ymax>83140</ymax></bndbox></object20><object21><name>thread</name><bndbox><xmin>280673</xmin><ymin>280673</ymin><xmax>280852</xmax><ymax>280852</ymax></bndbox></object21><object22><name>thread</name><bndbox><xmin>275617</xmin><ymin>275617</ymin><xmax>275796</xmax><ymax>275796</ymax></bndbox></object22><object23><name>thread</name><bndbox><xmin>285985</xmin><ymin>285985</ymin><xmax>286164</xmax><ymax>286164</ymax></bndbox></object23><object24><name>thread</name><bndbox><xmin>290177</xmin><ymin>290177</ymin><xmax>290356</xmax><ymax>290356</ymax></bndbox></object24><object25><name>thread</name><bndbox><xmin>277953</xmin><ymin>277953</ymin><xmax>278132</xmax><ymax>278132</ymax></bndbox></object25><object26><name>thread</name><bndbox><xmin>215537</xmin><ymin>215537</ymin><xmax>215716</xmax><ymax>215716</ymax></bndbox></object26><object27><name>thread</name><bndbox><xmin>253505</xmin><ymin>253505</ymin><xmax>253684</xmax><ymax>253684</ymax></bndbox></object27><object28><name>thread</name><bndbox><xmin>242705</xmin><ymin>242705</ymin><xmax>242884</xmax><ymax>242884</ymax></bndbox></object28><object29><name>thread</name><bndbox><xmin>114369</xmin><ymin>114369</ymin><xmax>114548</xmax><ymax>114548</ymax></bndbox></object29><object30><name>thread</name><bndbox><xmin>111233</xmin><ymin>111233</ymin><xmax>111412</xmax><ymax>111412</ymax></bndbox></object30><object31><name>thread</name><bndbox><xmin>116049</xmin><ymin>116049</ymin><xmax>116228</xmax><ymax>116228</ymax></bndbox></object31><object32><name>thread</name><bndbox><xmin>251153</xmin><ymin>251153</ymin><xmax>251332</xmax><ymax>251332</ymax></bndbox></object32><object33><name>thread</name><bndbox><xmin>97105</xmin><ymin>97105</ymin><xmax>97284</xmax><ymax>97284</ymax></bndbox></object33><object34><name>thread</name><bndbox><xmin>81329</xmin><ymin>81329</ymin><xmax>81508</xmax><ymax>81508</ymax></bndbox></object34><object35><name>thread</name><bndbox><xmin>205969</xmin><ymin>205969</ymin><xmax>206148</xmax><ymax>206148</ymax></bndbox></object35><object36><name>thread</name><bndbox><xmin>76817</xmin><ymin>76817</ymin><xmax>76996</xmax><ymax>76996</ymax></bndbox></object36><object37><name>thread</name><bndbox><xmin>271937</xmin><ymin>271937</ymin><xmax>272116</xmax><ymax>272116</ymax></bndbox></object37><object38><name>thread</name><bndbox><xmin>84257</xmin><ymin>84257</ymin><xmax>84436</xmax><ymax>84436</ymax></bndbox></object38><object39><name>thread</name><bndbox><xmin>277649</xmin><ymin>277649</ymin><xmax>277828</xmax><ymax>277828</ymax></bndbox></object39><object40><name>thread</name><bndbox><xmin>78177</xmin><ymin>78177</ymin><xmax>78356</xmax><ymax>78356</ymax></bndbox></object40><object41><name>thread</name><bndbox><xmin>218609</xmin><ymin>218609</ymin><xmax>218788</xmax><ymax>218788</ymax></bndbox></object41><object42><name>thread</name><bndbox><xmin>59969</xmin><ymin>59969</ymin><xmax>60148</xmax><ymax>60148</ymax></bndbox></object42><object43><name>thread</name><bndbox><xmin>131745</xmin><ymin>131745</ymin><xmax>131924</xmax><ymax>131924</ymax></bndbox></object43><object44><name>thread</name><bndbox><xmin>134865</xmin><ymin>134865</ymin><xmax>135044</xmax><ymax>135044</ymax></bndbox></object44><object45><name>thread</name><bndbox><xmin>59185</xmin><ymin>59185</ymin><xmax>59364</xmax><ymax>59364</ymax></bndbox></object45><object46><name>thread</name><bndbox><xmin>255265</xmin><ymin>255265</ymin><xmax>255444</xmax><ymax>255444</ymax></bndbox></object46><object47><name>thread</name><bndbox><xmin>290369</xmin><ymin>290369</ymin><xmax>290548</xmax><ymax>290548</ymax></bndbox></object47><object48><name>thread</name><bndbox><xmin>120177</xmin><ymin>120177</ymin><xmax>120356</xmax><ymax>120356</ymax></bndbox></object48><object49><name>thread</name><bndbox><xmin>122705</xmin><ymin>122705</ymin><xmax>122884</xmax><ymax>122884</ymax></bndbox></object49><object50><name>thread</name><bndbox><xmin>223601</xmin><ymin>223601</ymin><xmax>223780</xmax><ymax>223780</ymax></bndbox></object50><object51><name>thread</name><bndbox><xmin>95313</xmin><ymin>95313</ymin><xmax>95492</xmax><ymax>95492</ymax></bndbox></object51><object52><name>thread</name><bndbox><xmin>214161</xmin><ymin>214161</ymin><xmax>214340</xmax><ymax>214340</ymax></bndbox></object52><object53><name>thread</name><bndbox><xmin>227345</xmin><ymin>227345</ymin><xmax>227524</xmax><ymax>227524</ymax></bndbox></object53><object54><name>thread</name><bndbox><xmin>498929</xmin><ymin>498929</ymin><xmax>499108</xmax><ymax>499108</ymax></bndbox></object54><object55><name>thread</name><bndbox><xmin>259409</xmin><ymin>259409</ymin><xmax>259588</xmax><ymax>259588</ymax></bndbox></object55><object56><name>thread</name><bndbox><xmin>140993</xmin><ymin>140993</ymin><xmax>141172</xmax><ymax>141172</ymax></bndbox></object56><object57><name>thread</name><bndbox><xmin>76577</xmin><ymin>76577</ymin><xmax>76756</xmax><ymax>76756</ymax></bndbox></object57><object58><name>thread</name><bndbox><xmin>223249</xmin><ymin>223249</ymin><xmax>223428</xmax><ymax>223428</ymax></bndbox></object58><object59><name>thread</name><bndbox><xmin>88081</xmin><ymin>88081</ymin><xmax>88260</xmax><ymax>88260</ymax></bndbox></object59><object60><name>thread</name><bndbox><xmin>122081</xmin><ymin>122081</ymin><xmax>122260</xmax><ymax>122260</ymax></bndbox></object60><object61><name>thread</name><bndbox><xmin>423761</xmin><ymin>423761</ymin><xmax>423940</xmax><ymax>423940</ymax></bndbox></object61><object62><name>thread</name><bndbox><xmin>110417</xmin><ymin>110417</ymin><xmax>110596</xmax><ymax>110596</ymax></bndbox></object62><object63><name>thread</name><bndbox><xmin>228945</xmin><ymin>228945</ymin><xmax>229124</xmax><ymax>229124</ymax></bndbox></object63><object64><name>thread</name><bndbox><xmin>274257</xmin><ymin>274257</ymin><xmax>274436</xmax><ymax>274436</ymax></bndbox></object64><object65><name>thread</name><bndbox><xmin>111441</xmin><ymin>111441</ymin><xmax>111620</xmax><ymax>111620</ymax></bndbox></object65><object66><name>thread</name><bndbox><xmin>60161</xmin><ymin>60161</ymin><xmax>60340</xmax><ymax>60340</ymax></bndbox></object66><object67><name>thread</name><bndbox><xmin>233873</xmin><ymin>233873</ymin><xmax>234052</xmax><ymax>234052</ymax></bndbox></object67><object68><name>thread</name><bndbox><xmin>125425</xmin><ymin>125425</ymin><xmax>125604</xmax><ymax>125604</ymax></bndbox></object68><object69><name>thread</name><bndbox><xmin>130897</xmin><ymin>130897</ymin><xmax>131076</xmax><ymax>131076</ymax></bndbox></object69><object70><name>thread</name><bndbox><xmin>106177</xmin><ymin>106177</ymin><xmax>106356</xmax><ymax>106356</ymax></bndbox></object70><object71><name>thread</name><bndbox><xmin>424689</xmin><ymin>424689</ymin><xmax>424868</xmax><ymax>424868</ymax></bndbox></object71><object72><name>thread</name><bndbox><xmin>197457</xmin><ymin>197457</ymin><xmax>197636</xmax><ymax>197636</ymax></bndbox></object72><object73><name>thread</name><bndbox><xmin>222609</xmin><ymin>222609</ymin><xmax>222788</xmax><ymax>222788</ymax></bndbox></object73><object74><name>thread</name><bndbox><xmin>213569</xmin><ymin>213569</ymin><xmax>213748</xmax><ymax>213748</ymax></bndbox></object74><object75><name>thread</name><bndbox><xmin>140721</xmin><ymin>140721</ymin><xmax>140900</xmax><ymax>140900</ymax></bndbox></object75><object76><name>thread</name><bndbox><xmin>83553</xmin><ymin>83553</ymin><xmax>83732</xmax><ymax>83732</ymax></bndbox></object76><object77><name>thread</name><bndbox><xmin>224833</xmin><ymin>224833</ymin><xmax>225012</xmax><ymax>225012</ymax></bndbox></object77><object78><name>thread</name><bndbox><xmin>516945</xmin><ymin>516945</ymin><xmax>517124</xmax><ymax>517124</ymax></bndbox></object78><object79><name>thread</name><bndbox><xmin>65553</xmin><ymin>65553</ymin><xmax>65732</xmax><ymax>65732</ymax></bndbox></object79><object80><name>thread</name><bndbox><xmin>281169</xmin><ymin>281169</ymin><xmax>281348</xmax><ymax>281348</ymax></bndbox></object80><object81><name>thread</name><bndbox><xmin>68433</xmin><ymin>68433</ymin><xmax>68612</xmax><ymax>68612</ymax></bndbox></object81><object82><name>thread</name><bndbox><xmin>115137</xmin><ymin>115137</ymin><xmax>115316</xmax><ymax>115316</ymax></bndbox></object82><object83><name>thread</name><bndbox><xmin>250897</xmin><ymin>250897</ymin><xmax>251076</xmax><ymax>251076</ymax></bndbox></object83><object84><name>thread</name><bndbox><xmin>120849</xmin><ymin>120849</ymin><xmax>121028</xmax><ymax>121028</ymax></bndbox></object84><object85><name>thread</name><bndbox><xmin>225505</xmin><ymin>225505</ymin><xmax>225684</xmax><ymax>225684</ymax></bndbox></object85><object86><name>thread</name><bndbox><xmin>63313</xmin><ymin>63313</ymin><xmax>63492</xmax><ymax>63492</ymax></bndbox></object86><object87><name>thread</name><bndbox><xmin>295201</xmin><ymin>295201</ymin><xmax>295380</xmax><ymax>295380</ymax></bndbox></object87><object88><name>thread</name><bndbox><xmin>99153</xmin><ymin>99153</ymin><xmax>99332</xmax><ymax>99332</ymax></bndbox></object88><object89><name>thread</name><bndbox><xmin>256449</xmin><ymin>256449</ymin><xmax>256628</xmax><ymax>256628</ymax></bndbox></object89><object90><name>thread</name><bndbox><xmin>78865</xmin><ymin>78865</ymin><xmax>79044</xmax><ymax>79044</ymax></bndbox></object90><object91><name>thread</name><bndbox><xmin>115537</xmin><ymin>115537</ymin><xmax>115716</xmax><ymax>115716</ymax></bndbox></object91><objnum>91</objnum></annotations>