<annotations><folder>Memset</folder><filename><item>10_raw_0.seg.2532954112.2532974592.2532954112.png</item></filename><object1><name>thread</name><bndbox><xmin>1393</xmin><ymin>1393</ymin><xmax>1572</xmax><ymax>1572</ymax></bndbox></object1><object2><name>thread</name><bndbox><xmin>3921</xmin><ymin>3921</ymin><xmax>4100</xmax><ymax>4100</ymax></bndbox></object2><object3><name>thread</name><bndbox><xmin>609</xmin><ymin>609</ymin><xmax>788</xmax><ymax>788</ymax></bndbox></object3><object4><name>thread</name><bndbox><xmin>3089</xmin><ymin>3089</ymin><xmax>3268</xmax><ymax>3268</ymax></bndbox></object4><object5><name>thread</name><bndbox><xmin>3713</xmin><ymin>3713</ymin><xmax>3892</xmax><ymax>3892</ymax></bndbox></object5><object6><name>thread</name><bndbox><xmin>2385</xmin><ymin>2385</ymin><xmax>2564</xmax><ymax>2564</ymax></bndbox></object6><object7><name>thread</name><bndbox><xmin>1873</xmin><ymin>1873</ymin><xmax>2052</xmax><ymax>2052</ymax></bndbox></object7><objnum>7</objnum></annotations>