<annotations><folder>Memset</folder><filename><item>10_raw_0.seg.2532093952.2532179968.2532093952.png</item></filename><object1><name>process</name><bndbox><xmin>20049</xmin><ymin>20049</ymin><xmax>20236</xmax><ymax>20236</ymax></bndbox></object1><object2><name>thread</name><bndbox><xmin>15729</xmin><ymin>15729</ymin><xmax>15908</xmax><ymax>15908</ymax></bndbox></object2><object3><name>thread</name><bndbox><xmin>8433</xmin><ymin>8433</ymin><xmax>8612</xmax><ymax>8612</ymax></bndbox></object3><object4><name>thread</name><bndbox><xmin>9889</xmin><ymin>9889</ymin><xmax>10068</xmax><ymax>10068</ymax></bndbox></object4><object5><name>thread</name><bndbox><xmin>10609</xmin><ymin>10609</ymin><xmax>10788</xmax><ymax>10788</ymax></bndbox></object5><objnum>5</objnum></annotations>