<annotations><folder>Memset</folder><filename><item>10_raw_0.seg.2212495360.2214592512.2212495360.png</item></filename><object1><name>process</name><bndbox><xmin>445921</xmin><ymin>445921</ymin><xmax>446108</xmax><ymax>446108</ymax></bndbox></object1><object2><name>thread</name><bndbox><xmin>431681</xmin><ymin>431681</ymin><xmax>431860</xmax><ymax>431860</ymax></bndbox></object2><object3><name>thread</name><bndbox><xmin>445713</xmin><ymin>445713</ymin><xmax>445892</xmax><ymax>445892</ymax></bndbox></object3><object4><name>thread</name><bndbox><xmin>305265</xmin><ymin>305265</ymin><xmax>305444</xmax><ymax>305444</ymax></bndbox></object4><object5><name>thread</name><bndbox><xmin>305457</xmin><ymin>305457</ymin><xmax>305636</xmax><ymax>305636</ymax></bndbox></object5><object6><name>thread</name><bndbox><xmin>436241</xmin><ymin>436241</ymin><xmax>436420</xmax><ymax>436420</ymax></bndbox></object6><object7><name>thread</name><bndbox><xmin>490641</xmin><ymin>490641</ymin><xmax>490820</xmax><ymax>490820</ymax></bndbox></object7><object8><name>thread</name><bndbox><xmin>450385</xmin><ymin>450385</ymin><xmax>450564</xmax><ymax>450564</ymax></bndbox></object8><object9><name>thread</name><bndbox><xmin>476497</xmin><ymin>476497</ymin><xmax>476676</xmax><ymax>476676</ymax></bndbox></object9><object10><name>thread</name><bndbox><xmin>474865</xmin><ymin>474865</ymin><xmax>475044</xmax><ymax>475044</ymax></bndbox></object10><object11><name>thread</name><bndbox><xmin>371937</xmin><ymin>371937</ymin><xmax>372116</xmax><ymax>372116</ymax></bndbox></object11><objnum>11</objnum></annotations>