<annotations><folder>Memset</folder><filename><item>10_raw_0.seg.2531471360.2531524608.2531471360.png</item></filename><object1><name>thread</name><bndbox><xmin>9617</xmin><ymin>9617</ymin><xmax>9796</xmax><ymax>9796</ymax></bndbox></object1><object2><name>thread</name><bndbox><xmin>9409</xmin><ymin>9409</ymin><xmax>9588</xmax><ymax>9588</ymax></bndbox></object2><object3><name>thread</name><bndbox><xmin>10785</xmin><ymin>10785</ymin><xmax>10964</xmax><ymax>10964</ymax></bndbox></object3><object4><name>thread</name><bndbox><xmin>11537</xmin><ymin>11537</ymin><xmax>11716</xmax><ymax>11716</ymax></bndbox></object4><objnum>4</objnum></annotations>