<annotations><folder>Memset</folder><filename><item>10_raw_0.seg.2216689664.2222997504.2216689664.png</item></filename><object1><name>process</name><bndbox><xmin>288785</xmin><ymin>288785</ymin><xmax>288972</xmax><ymax>288972</ymax></bndbox></object1><object2><name>process</name><bndbox><xmin>1440785</xmin><ymin>1440785</ymin><xmax>1440972</xmax><ymax>1440972</ymax></bndbox></object2><object3><name>process</name><bndbox><xmin>429313</xmin><ymin>429313</ymin><xmax>429500</xmax><ymax>429500</ymax></bndbox></object3><object4><name>process</name><bndbox><xmin>1449345</xmin><ymin>1449345</ymin><xmax>1449532</xmax><ymax>1449532</ymax></bndbox></object4><object5><name>process</name><bndbox><xmin>1074545</xmin><ymin>1074545</ymin><xmax>1074732</xmax><ymax>1074732</ymax></bndbox></object5><object6><name>process</name><bndbox><xmin>475809</xmin><ymin>475809</ymin><xmax>475996</xmax><ymax>475996</ymax></bndbox></object6><object7><name>thread</name><bndbox><xmin>1467217</xmin><ymin>1467217</ymin><xmax>1467396</xmax><ymax>1467396</ymax></bndbox></object7><object8><name>thread</name><bndbox><xmin>455889</xmin><ymin>455889</ymin><xmax>456068</xmax><ymax>456068</ymax></bndbox></object8><object9><name>thread</name><bndbox><xmin>1458001</xmin><ymin>1458001</ymin><xmax>1458180</xmax><ymax>1458180</ymax></bndbox></object9><object10><name>thread</name><bndbox><xmin>1457649</xmin><ymin>1457649</ymin><xmax>1457828</xmax><ymax>1457828</ymax></bndbox></object10><object11><name>thread</name><bndbox><xmin>433777</xmin><ymin>433777</ymin><xmax>433956</xmax><ymax>433956</ymax></bndbox></object11><object12><name>thread</name><bndbox><xmin>481105</xmin><ymin>481105</ymin><xmax>481284</xmax><ymax>481284</ymax></bndbox></object12><object13><name>thread</name><bndbox><xmin>1491185</xmin><ymin>1491185</ymin><xmax>1491364</xmax><ymax>1491364</ymax></bndbox></object13><object14><name>thread</name><bndbox><xmin>1464657</xmin><ymin>1464657</ymin><xmax>1464836</xmax><ymax>1464836</ymax></bndbox></object14><object15><name>thread</name><bndbox><xmin>1455553</xmin><ymin>1455553</ymin><xmax>1455732</xmax><ymax>1455732</ymax></bndbox></object15><object16><name>thread</name><bndbox><xmin>1441249</xmin><ymin>1441249</ymin><xmax>1441428</xmax><ymax>1441428</ymax></bndbox></object16><object17><name>thread</name><bndbox><xmin>439473</xmin><ymin>439473</ymin><xmax>439652</xmax><ymax>439652</ymax></bndbox></object17><object18><name>thread</name><bndbox><xmin>1080145</xmin><ymin>1080145</ymin><xmax>1080324</xmax><ymax>1080324</ymax></bndbox></object18><object19><name>thread</name><bndbox><xmin>1500529</xmin><ymin>1500529</ymin><xmax>1500708</xmax><ymax>1500708</ymax></bndbox></object19><object20><name>thread</name><bndbox><xmin>1407425</xmin><ymin>1407425</ymin><xmax>1407604</xmax><ymax>1407604</ymax></bndbox></object20><object21><name>thread</name><bndbox><xmin>431185</xmin><ymin>431185</ymin><xmax>431364</xmax><ymax>431364</ymax></bndbox></object21><object22><name>thread</name><bndbox><xmin>1445393</xmin><ymin>1445393</ymin><xmax>1445572</xmax><ymax>1445572</ymax></bndbox></object22><object23><name>thread</name><bndbox><xmin>459489</xmin><ymin>459489</ymin><xmax>459668</xmax><ymax>459668</ymax></bndbox></object23><object24><name>thread</name><bndbox><xmin>1375553</xmin><ymin>1375553</ymin><xmax>1375732</xmax><ymax>1375732</ymax></bndbox></object24><object25><name>thread</name><bndbox><xmin>1434641</xmin><ymin>1434641</ymin><xmax>1434820</xmax><ymax>1434820</ymax></bndbox></object25><object26><name>thread</name><bndbox><xmin>418641</xmin><ymin>418641</ymin><xmax>418820</xmax><ymax>418820</ymax></bndbox></object26><object27><name>thread</name><bndbox><xmin>475329</xmin><ymin>475329</ymin><xmax>475508</xmax><ymax>475508</ymax></bndbox></object27><object28><name>thread</name><bndbox><xmin>427105</xmin><ymin>427105</ymin><xmax>427284</xmax><ymax>427284</ymax></bndbox></object28><object29><name>thread</name><bndbox><xmin>439745</xmin><ymin>439745</ymin><xmax>439924</xmax><ymax>439924</ymax></bndbox></object29><object30><name>thread</name><bndbox><xmin>465169</xmin><ymin>465169</ymin><xmax>465348</xmax><ymax>465348</ymax></bndbox></object30><object31><name>thread</name><bndbox><xmin>449825</xmin><ymin>449825</ymin><xmax>450004</xmax><ymax>450004</ymax></bndbox></object31><object32><name>thread</name><bndbox><xmin>280001</xmin><ymin>280001</ymin><xmax>280180</xmax><ymax>280180</ymax></bndbox></object32><object33><name>thread</name><bndbox><xmin>400209</xmin><ymin>400209</ymin><xmax>400388</xmax><ymax>400388</ymax></bndbox></object33><object34><name>thread</name><bndbox><xmin>279217</xmin><ymin>279217</ymin><xmax>279396</xmax><ymax>279396</ymax></bndbox></object34><object35><name>thread</name><bndbox><xmin>1428177</xmin><ymin>1428177</ymin><xmax>1428356</xmax><ymax>1428356</ymax></bndbox></object35><object36><name>thread</name><bndbox><xmin>1435969</xmin><ymin>1435969</ymin><xmax>1436148</xmax><ymax>1436148</ymax></bndbox></object36><object37><name>thread</name><bndbox><xmin>484561</xmin><ymin>484561</ymin><xmax>484740</xmax><ymax>484740</ymax></bndbox></object37><object38><name>thread</name><bndbox><xmin>468817</xmin><ymin>468817</ymin><xmax>468996</xmax><ymax>468996</ymax></bndbox></object38><object39><name>thread</name><bndbox><xmin>454481</xmin><ymin>454481</ymin><xmax>454660</xmax><ymax>454660</ymax></bndbox></object39><object40><name>thread</name><bndbox><xmin>473313</xmin><ymin>473313</ymin><xmax>473492</xmax><ymax>473492</ymax></bndbox></object40><object41><name>thread</name><bndbox><xmin>1428753</xmin><ymin>1428753</ymin><xmax>1428932</xmax><ymax>1428932</ymax></bndbox></object41><object42><name>thread</name><bndbox><xmin>1442641</xmin><ymin>1442641</ymin><xmax>1442820</xmax><ymax>1442820</ymax></bndbox></object42><object43><name>thread</name><bndbox><xmin>1433329</xmin><ymin>1433329</ymin><xmax>1433508</xmax><ymax>1433508</ymax></bndbox></object43><object44><name>thread</name><bndbox><xmin>422465</xmin><ymin>422465</ymin><xmax>422644</xmax><ymax>422644</ymax></bndbox></object44><object45><name>thread</name><bndbox><xmin>426833</xmin><ymin>426833</ymin><xmax>427012</xmax><ymax>427012</ymax></bndbox></object45><object46><name>thread</name><bndbox><xmin>1479105</xmin><ymin>1479105</ymin><xmax>1479284</xmax><ymax>1479284</ymax></bndbox></object46><object47><name>thread</name><bndbox><xmin>1414865</xmin><ymin>1414865</ymin><xmax>1415044</xmax><ymax>1415044</ymax></bndbox></object47><object48><name>thread</name><bndbox><xmin>280401</xmin><ymin>280401</ymin><xmax>280580</xmax><ymax>280580</ymax></bndbox></object48><object49><name>thread</name><bndbox><xmin>1420593</xmin><ymin>1420593</ymin><xmax>1420772</xmax><ymax>1420772</ymax></bndbox></object49><object50><name>thread</name><bndbox><xmin>495793</xmin><ymin>495793</ymin><xmax>495972</xmax><ymax>495972</ymax></bndbox></object50><object51><name>thread</name><bndbox><xmin>451841</xmin><ymin>451841</ymin><xmax>452020</xmax><ymax>452020</ymax></bndbox></object51><object52><name>thread</name><bndbox><xmin>425313</xmin><ymin>425313</ymin><xmax>425492</xmax><ymax>425492</ymax></bndbox></object52><object53><name>thread</name><bndbox><xmin>453937</xmin><ymin>453937</ymin><xmax>454116</xmax><ymax>454116</ymax></bndbox></object53><object54><name>thread</name><bndbox><xmin>489297</xmin><ymin>489297</ymin><xmax>489476</xmax><ymax>489476</ymax></bndbox></object54><object55><name>thread</name><bndbox><xmin>423489</xmin><ymin>423489</ymin><xmax>423668</xmax><ymax>423668</ymax></bndbox></object55><object56><name>thread</name><bndbox><xmin>1147729</xmin><ymin>1147729</ymin><xmax>1147908</xmax><ymax>1147908</ymax></bndbox></object56><object57><name>thread</name><bndbox><xmin>419441</xmin><ymin>419441</ymin><xmax>419620</xmax><ymax>419620</ymax></bndbox></object57><object58><name>thread</name><bndbox><xmin>425041</xmin><ymin>425041</ymin><xmax>425220</xmax><ymax>425220</ymax></bndbox></object58><object59><name>thread</name><bndbox><xmin>456529</xmin><ymin>456529</ymin><xmax>456708</xmax><ymax>456708</ymax></bndbox></object59><object60><name>thread</name><bndbox><xmin>1082993</xmin><ymin>1082993</ymin><xmax>1083172</xmax><ymax>1083172</ymax></bndbox></object60><object61><name>thread</name><bndbox><xmin>1447601</xmin><ymin>1447601</ymin><xmax>1447780</xmax><ymax>1447780</ymax></bndbox></object61><object62><name>thread</name><bndbox><xmin>450129</xmin><ymin>450129</ymin><xmax>450308</xmax><ymax>450308</ymax></bndbox></object62><object63><name>thread</name><bndbox><xmin>452849</xmin><ymin>452849</ymin><xmax>453028</xmax><ymax>453028</ymax></bndbox></object63><object64><name>thread</name><bndbox><xmin>435569</xmin><ymin>435569</ymin><xmax>435748</xmax><ymax>435748</ymax></bndbox></object64><object65><name>thread</name><bndbox><xmin>1435761</xmin><ymin>1435761</ymin><xmax>1435940</xmax><ymax>1435940</ymax></bndbox></object65><object66><name>thread</name><bndbox><xmin>1245777</xmin><ymin>1245777</ymin><xmax>1245956</xmax><ymax>1245956</ymax></bndbox></object66><object67><name>thread</name><bndbox><xmin>414545</xmin><ymin>414545</ymin><xmax>414724</xmax><ymax>414724</ymax></bndbox></object67><object68><name>thread</name><bndbox><xmin>494705</xmin><ymin>494705</ymin><xmax>494884</xmax><ymax>494884</ymax></bndbox></object68><object69><name>thread</name><bndbox><xmin>432289</xmin><ymin>432289</ymin><xmax>432468</xmax><ymax>432468</ymax></bndbox></object69><object70><name>thread</name><bndbox><xmin>463233</xmin><ymin>463233</ymin><xmax>463412</xmax><ymax>463412</ymax></bndbox></object70><object71><name>thread</name><bndbox><xmin>411473</xmin><ymin>411473</ymin><xmax>411652</xmax><ymax>411652</ymax></bndbox></object71><object72><name>thread</name><bndbox><xmin>1141153</xmin><ymin>1141153</ymin><xmax>1141332</xmax><ymax>1141332</ymax></bndbox></object72><object73><name>thread</name><bndbox><xmin>483153</xmin><ymin>483153</ymin><xmax>483332</xmax><ymax>483332</ymax></bndbox></object73><object74><name>thread</name><bndbox><xmin>469457</xmin><ymin>469457</ymin><xmax>469636</xmax><ymax>469636</ymax></bndbox></object74><object75><name>thread</name><bndbox><xmin>1491489</xmin><ymin>1491489</ymin><xmax>1491668</xmax><ymax>1491668</ymax></bndbox></object75><object76><name>thread</name><bndbox><xmin>1436353</xmin><ymin>1436353</ymin><xmax>1436532</xmax><ymax>1436532</ymax></bndbox></object76><object77><name>thread</name><bndbox><xmin>1118033</xmin><ymin>1118033</ymin><xmax>1118212</xmax><ymax>1118212</ymax></bndbox></object77><object78><name>thread</name><bndbox><xmin>407825</xmin><ymin>407825</ymin><xmax>408004</xmax><ymax>408004</ymax></bndbox></object78><object79><name>thread</name><bndbox><xmin>1453249</xmin><ymin>1453249</ymin><xmax>1453428</xmax><ymax>1453428</ymax></bndbox></object79><object80><name>thread</name><bndbox><xmin>442641</xmin><ymin>442641</ymin><xmax>442820</xmax><ymax>442820</ymax></bndbox></object80><object81><name>thread</name><bndbox><xmin>1424721</xmin><ymin>1424721</ymin><xmax>1424900</xmax><ymax>1424900</ymax></bndbox></object81><object82><name>thread</name><bndbox><xmin>429553</xmin><ymin>429553</ymin><xmax>429732</xmax><ymax>429732</ymax></bndbox></object82><object83><name>thread</name><bndbox><xmin>1081873</xmin><ymin>1081873</ymin><xmax>1082052</xmax><ymax>1082052</ymax></bndbox></object83><object84><name>thread</name><bndbox><xmin>490225</xmin><ymin>490225</ymin><xmax>490404</xmax><ymax>490404</ymax></bndbox></object84><object85><name>thread</name><bndbox><xmin>1429329</xmin><ymin>1429329</ymin><xmax>1429508</xmax><ymax>1429508</ymax></bndbox></object85><objnum>85</objnum></annotations>