<annotations><folder>Memset</folder><filename><item>10_raw_0.seg.2208301056.2210398208.2208301056.png</item></filename><object1><name>process</name><bndbox><xmin>59681</xmin><ymin>59681</ymin><xmax>59868</xmax><ymax>59868</ymax></bndbox></object1><object2><name>process</name><bndbox><xmin>137009</xmin><ymin>137009</ymin><xmax>137196</xmax><ymax>137196</ymax></bndbox></object2><object3><name>thread</name><bndbox><xmin>153697</xmin><ymin>153697</ymin><xmax>153876</xmax><ymax>153876</ymax></bndbox></object3><object4><name>thread</name><bndbox><xmin>359665</xmin><ymin>359665</ymin><xmax>359844</xmax><ymax>359844</ymax></bndbox></object4><object5><name>thread</name><bndbox><xmin>302449</xmin><ymin>302449</ymin><xmax>302628</xmax><ymax>302628</ymax></bndbox></object5><object6><name>thread</name><bndbox><xmin>1873</xmin><ymin>1873</ymin><xmax>2052</xmax><ymax>2052</ymax></bndbox></object6><object7><name>thread</name><bndbox><xmin>30417</xmin><ymin>30417</ymin><xmax>30596</xmax><ymax>30596</ymax></bndbox></object7><object8><name>thread</name><bndbox><xmin>510753</xmin><ymin>510753</ymin><xmax>510932</xmax><ymax>510932</ymax></bndbox></object8><object9><name>thread</name><bndbox><xmin>522689</xmin><ymin>522689</ymin><xmax>522868</xmax><ymax>522868</ymax></bndbox></object9><object10><name>thread</name><bndbox><xmin>23073</xmin><ymin>23073</ymin><xmax>23252</xmax><ymax>23252</ymax></bndbox></object10><object11><name>thread</name><bndbox><xmin>208017</xmin><ymin>208017</ymin><xmax>208196</xmax><ymax>208196</ymax></bndbox></object11><object12><name>thread</name><bndbox><xmin>25985</xmin><ymin>25985</ymin><xmax>26164</xmax><ymax>26164</ymax></bndbox></object12><object13><name>thread</name><bndbox><xmin>105489</xmin><ymin>105489</ymin><xmax>105668</xmax><ymax>105668</ymax></bndbox></object13><object14><name>thread</name><bndbox><xmin>378369</xmin><ymin>378369</ymin><xmax>378548</xmax><ymax>378548</ymax></bndbox></object14><object15><name>thread</name><bndbox><xmin>125585</xmin><ymin>125585</ymin><xmax>125764</xmax><ymax>125764</ymax></bndbox></object15><object16><name>thread</name><bndbox><xmin>212177</xmin><ymin>212177</ymin><xmax>212356</xmax><ymax>212356</ymax></bndbox></object16><object17><name>thread</name><bndbox><xmin>319057</xmin><ymin>319057</ymin><xmax>319236</xmax><ymax>319236</ymax></bndbox></object17><object18><name>thread</name><bndbox><xmin>370289</xmin><ymin>370289</ymin><xmax>370468</xmax><ymax>370468</ymax></bndbox></object18><object19><name>thread</name><bndbox><xmin>118801</xmin><ymin>118801</ymin><xmax>118980</xmax><ymax>118980</ymax></bndbox></object19><object20><name>thread</name><bndbox><xmin>142417</xmin><ymin>142417</ymin><xmax>142596</xmax><ymax>142596</ymax></bndbox></object20><object21><name>thread</name><bndbox><xmin>62049</xmin><ymin>62049</ymin><xmax>62228</xmax><ymax>62228</ymax></bndbox></object21><object22><name>thread</name><bndbox><xmin>90961</xmin><ymin>90961</ymin><xmax>91140</xmax><ymax>91140</ymax></bndbox></object22><object23><name>thread</name><bndbox><xmin>167265</xmin><ymin>167265</ymin><xmax>167444</xmax><ymax>167444</ymax></bndbox></object23><object24><name>thread</name><bndbox><xmin>239985</xmin><ymin>239985</ymin><xmax>240164</xmax><ymax>240164</ymax></bndbox></object24><object25><name>thread</name><bndbox><xmin>367153</xmin><ymin>367153</ymin><xmax>367332</xmax><ymax>367332</ymax></bndbox></object25><object26><name>thread</name><bndbox><xmin>27249</xmin><ymin>27249</ymin><xmax>27428</xmax><ymax>27428</ymax></bndbox></object26><object27><name>thread</name><bndbox><xmin>130657</xmin><ymin>130657</ymin><xmax>130836</xmax><ymax>130836</ymax></bndbox></object27><object28><name>thread</name><bndbox><xmin>169617</xmin><ymin>169617</ymin><xmax>169796</xmax><ymax>169796</ymax></bndbox></object28><object29><name>thread</name><bndbox><xmin>41809</xmin><ymin>41809</ymin><xmax>41988</xmax><ymax>41988</ymax></bndbox></object29><object30><name>thread</name><bndbox><xmin>36593</xmin><ymin>36593</ymin><xmax>36772</xmax><ymax>36772</ymax></bndbox></object30><object31><name>thread</name><bndbox><xmin>18545</xmin><ymin>18545</ymin><xmax>18724</xmax><ymax>18724</ymax></bndbox></object31><object32><name>thread</name><bndbox><xmin>57361</xmin><ymin>57361</ymin><xmax>57540</xmax><ymax>57540</ymax></bndbox></object32><object33><name>thread</name><bndbox><xmin>508081</xmin><ymin>508081</ymin><xmax>508260</xmax><ymax>508260</ymax></bndbox></object33><object34><name>thread</name><bndbox><xmin>236561</xmin><ymin>236561</ymin><xmax>236740</xmax><ymax>236740</ymax></bndbox></object34><object35><name>thread</name><bndbox><xmin>77409</xmin><ymin>77409</ymin><xmax>77588</xmax><ymax>77588</ymax></bndbox></object35><object36><name>thread</name><bndbox><xmin>113297</xmin><ymin>113297</ymin><xmax>113476</xmax><ymax>113476</ymax></bndbox></object36><object37><name>thread</name><bndbox><xmin>89713</xmin><ymin>89713</ymin><xmax>89892</xmax><ymax>89892</ymax></bndbox></object37><object38><name>thread</name><bndbox><xmin>121873</xmin><ymin>121873</ymin><xmax>122052</xmax><ymax>122052</ymax></bndbox></object38><object39><name>thread</name><bndbox><xmin>253777</xmin><ymin>253777</ymin><xmax>253956</xmax><ymax>253956</ymax></bndbox></object39><object40><name>thread</name><bndbox><xmin>143457</xmin><ymin>143457</ymin><xmax>143636</xmax><ymax>143636</ymax></bndbox></object40><object41><name>thread</name><bndbox><xmin>95345</xmin><ymin>95345</ymin><xmax>95524</xmax><ymax>95524</ymax></bndbox></object41><object42><name>thread</name><bndbox><xmin>125969</xmin><ymin>125969</ymin><xmax>126148</xmax><ymax>126148</ymax></bndbox></object42><object43><name>thread</name><bndbox><xmin>162641</xmin><ymin>162641</ymin><xmax>162820</xmax><ymax>162820</ymax></bndbox></object43><object44><name>thread</name><bndbox><xmin>488033</xmin><ymin>488033</ymin><xmax>488212</xmax><ymax>488212</ymax></bndbox></object44><object45><name>thread</name><bndbox><xmin>162433</xmin><ymin>162433</ymin><xmax>162612</xmax><ymax>162612</ymax></bndbox></object45><object46><name>thread</name><bndbox><xmin>293985</xmin><ymin>293985</ymin><xmax>294164</xmax><ymax>294164</ymax></bndbox></object46><object47><name>thread</name><bndbox><xmin>106321</xmin><ymin>106321</ymin><xmax>106500</xmax><ymax>106500</ymax></bndbox></object47><object48><name>thread</name><bndbox><xmin>251633</xmin><ymin>251633</ymin><xmax>251812</xmax><ymax>251812</ymax></bndbox></object48><object49><name>thread</name><bndbox><xmin>40657</xmin><ymin>40657</ymin><xmax>40836</xmax><ymax>40836</ymax></bndbox></object49><object50><name>thread</name><bndbox><xmin>29905</xmin><ymin>29905</ymin><xmax>30084</xmax><ymax>30084</ymax></bndbox></object50><object51><name>thread</name><bndbox><xmin>122897</xmin><ymin>122897</ymin><xmax>123076</xmax><ymax>123076</ymax></bndbox></object51><object52><name>thread</name><bndbox><xmin>132513</xmin><ymin>132513</ymin><xmax>132692</xmax><ymax>132692</ymax></bndbox></object52><object53><name>thread</name><bndbox><xmin>397809</xmin><ymin>397809</ymin><xmax>397988</xmax><ymax>397988</ymax></bndbox></object53><object54><name>thread</name><bndbox><xmin>336641</xmin><ymin>336641</ymin><xmax>336820</xmax><ymax>336820</ymax></bndbox></object54><object55><name>thread</name><bndbox><xmin>170209</xmin><ymin>170209</ymin><xmax>170388</xmax><ymax>170388</ymax></bndbox></object55><object56><name>thread</name><bndbox><xmin>12609</xmin><ymin>12609</ymin><xmax>12788</xmax><ymax>12788</ymax></bndbox></object56><object57><name>thread</name><bndbox><xmin>65361</xmin><ymin>65361</ymin><xmax>65540</xmax><ymax>65540</ymax></bndbox></object57><object58><name>thread</name><bndbox><xmin>254465</xmin><ymin>254465</ymin><xmax>254644</xmax><ymax>254644</ymax></bndbox></object58><object59><name>thread</name><bndbox><xmin>312977</xmin><ymin>312977</ymin><xmax>313156</xmax><ymax>313156</ymax></bndbox></object59><object60><name>thread</name><bndbox><xmin>183985</xmin><ymin>183985</ymin><xmax>184164</xmax><ymax>184164</ymax></bndbox></object60><object61><name>thread</name><bndbox><xmin>237297</xmin><ymin>237297</ymin><xmax>237476</xmax><ymax>237476</ymax></bndbox></object61><object62><name>thread</name><bndbox><xmin>25617</xmin><ymin>25617</ymin><xmax>25796</xmax><ymax>25796</ymax></bndbox></object62><object63><name>thread</name><bndbox><xmin>278353</xmin><ymin>278353</ymin><xmax>278532</xmax><ymax>278532</ymax></bndbox></object63><object64><name>thread</name><bndbox><xmin>122705</xmin><ymin>122705</ymin><xmax>122884</xmax><ymax>122884</ymax></bndbox></object64><object65><name>thread</name><bndbox><xmin>246081</xmin><ymin>246081</ymin><xmax>246260</xmax><ymax>246260</ymax></bndbox></object65><object66><name>thread</name><bndbox><xmin>143105</xmin><ymin>143105</ymin><xmax>143284</xmax><ymax>143284</ymax></bndbox></object66><object67><name>thread</name><bndbox><xmin>132737</xmin><ymin>132737</ymin><xmax>132916</xmax><ymax>132916</ymax></bndbox></object67><object68><name>thread</name><bndbox><xmin>84705</xmin><ymin>84705</ymin><xmax>84884</xmax><ymax>84884</ymax></bndbox></object68><object69><name>thread</name><bndbox><xmin>367825</xmin><ymin>367825</ymin><xmax>368004</xmax><ymax>368004</ymax></bndbox></object69><object70><name>thread</name><bndbox><xmin>3089</xmin><ymin>3089</ymin><xmax>3268</xmax><ymax>3268</ymax></bndbox></object70><object71><name>thread</name><bndbox><xmin>55745</xmin><ymin>55745</ymin><xmax>55924</xmax><ymax>55924</ymax></bndbox></object71><object72><name>thread</name><bndbox><xmin>75601</xmin><ymin>75601</ymin><xmax>75780</xmax><ymax>75780</ymax></bndbox></object72><object73><name>thread</name><bndbox><xmin>78097</xmin><ymin>78097</ymin><xmax>78276</xmax><ymax>78276</ymax></bndbox></object73><object74><name>thread</name><bndbox><xmin>12305</xmin><ymin>12305</ymin><xmax>12484</xmax><ymax>12484</ymax></bndbox></object74><object75><name>thread</name><bndbox><xmin>254801</xmin><ymin>254801</ymin><xmax>254980</xmax><ymax>254980</ymax></bndbox></object75><object76><name>thread</name><bndbox><xmin>91985</xmin><ymin>91985</ymin><xmax>92164</xmax><ymax>92164</ymax></bndbox></object76><object77><name>thread</name><bndbox><xmin>274705</xmin><ymin>274705</ymin><xmax>274884</xmax><ymax>274884</ymax></bndbox></object77><object78><name>thread</name><bndbox><xmin>3713</xmin><ymin>3713</ymin><xmax>3892</xmax><ymax>3892</ymax></bndbox></object78><object79><name>thread</name><bndbox><xmin>217745</xmin><ymin>217745</ymin><xmax>217924</xmax><ymax>217924</ymax></bndbox></object79><object80><name>thread</name><bndbox><xmin>144209</xmin><ymin>144209</ymin><xmax>144388</xmax><ymax>144388</ymax></bndbox></object80><object81><name>thread</name><bndbox><xmin>119169</xmin><ymin>119169</ymin><xmax>119348</xmax><ymax>119348</ymax></bndbox></object81><object82><name>thread</name><bndbox><xmin>212545</xmin><ymin>212545</ymin><xmax>212724</xmax><ymax>212724</ymax></bndbox></object82><object83><name>thread</name><bndbox><xmin>193553</xmin><ymin>193553</ymin><xmax>193732</xmax><ymax>193732</ymax></bndbox></object83><object84><name>thread</name><bndbox><xmin>23729</xmin><ymin>23729</ymin><xmax>23908</xmax><ymax>23908</ymax></bndbox></object84><object85><name>thread</name><bndbox><xmin>291073</xmin><ymin>291073</ymin><xmax>291252</xmax><ymax>291252</ymax></bndbox></object85><object86><name>thread</name><bndbox><xmin>113969</xmin><ymin>113969</ymin><xmax>114148</xmax><ymax>114148</ymax></bndbox></object86><object87><name>thread</name><bndbox><xmin>164161</xmin><ymin>164161</ymin><xmax>164340</xmax><ymax>164340</ymax></bndbox></object87><object88><name>thread</name><bndbox><xmin>24305</xmin><ymin>24305</ymin><xmax>24484</xmax><ymax>24484</ymax></bndbox></object88><object89><name>thread</name><bndbox><xmin>200305</xmin><ymin>200305</ymin><xmax>200484</xmax><ymax>200484</ymax></bndbox></object89><object90><name>thread</name><bndbox><xmin>95569</xmin><ymin>95569</ymin><xmax>95748</xmax><ymax>95748</ymax></bndbox></object90><object91><name>thread</name><bndbox><xmin>247409</xmin><ymin>247409</ymin><xmax>247588</xmax><ymax>247588</ymax></bndbox></object91><object92><name>thread</name><bndbox><xmin>319665</xmin><ymin>319665</ymin><xmax>319844</xmax><ymax>319844</ymax></bndbox></object92><object93><name>thread</name><bndbox><xmin>122273</xmin><ymin>122273</ymin><xmax>122452</xmax><ymax>122452</ymax></bndbox></object93><object94><name>thread</name><bndbox><xmin>125217</xmin><ymin>125217</ymin><xmax>125396</xmax><ymax>125396</ymax></bndbox></object94><object95><name>thread</name><bndbox><xmin>75201</xmin><ymin>75201</ymin><xmax>75380</xmax><ymax>75380</ymax></bndbox></object95><object96><name>thread</name><bndbox><xmin>298417</xmin><ymin>298417</ymin><xmax>298596</xmax><ymax>298596</ymax></bndbox></object96><object97><name>thread</name><bndbox><xmin>289617</xmin><ymin>289617</ymin><xmax>289796</xmax><ymax>289796</ymax></bndbox></object97><object98><name>thread</name><bndbox><xmin>281425</xmin><ymin>281425</ymin><xmax>281604</xmax><ymax>281604</ymax></bndbox></object98><object99><name>thread</name><bndbox><xmin>113089</xmin><ymin>113089</ymin><xmax>113268</xmax><ymax>113268</ymax></bndbox></object99><object100><name>thread</name><bndbox><xmin>77217</xmin><ymin>77217</ymin><xmax>77396</xmax><ymax>77396</ymax></bndbox></object100><object101><name>thread</name><bndbox><xmin>3921</xmin><ymin>3921</ymin><xmax>4100</xmax><ymax>4100</ymax></bndbox></object101><object102><name>thread</name><bndbox><xmin>304561</xmin><ymin>304561</ymin><xmax>304740</xmax><ymax>304740</ymax></bndbox></object102><object103><name>thread</name><bndbox><xmin>274913</xmin><ymin>274913</ymin><xmax>275092</xmax><ymax>275092</ymax></bndbox></object103><object104><name>thread</name><bndbox><xmin>8017</xmin><ymin>8017</ymin><xmax>8196</xmax><ymax>8196</ymax></bndbox></object104><object105><name>thread</name><bndbox><xmin>114705</xmin><ymin>114705</ymin><xmax>114884</xmax><ymax>114884</ymax></bndbox></object105><object106><name>thread</name><bndbox><xmin>363329</xmin><ymin>363329</ymin><xmax>363508</xmax><ymax>363508</ymax></bndbox></object106><object107><name>thread</name><bndbox><xmin>311313</xmin><ymin>311313</ymin><xmax>311492</xmax><ymax>311492</ymax></bndbox></object107><object108><name>thread</name><bndbox><xmin>46305</xmin><ymin>46305</ymin><xmax>46484</xmax><ymax>46484</ymax></bndbox></object108><object109><name>thread</name><bndbox><xmin>131089</xmin><ymin>131089</ymin><xmax>131268</xmax><ymax>131268</ymax></bndbox></object109><object110><name>thread</name><bndbox><xmin>15713</xmin><ymin>15713</ymin><xmax>15892</xmax><ymax>15892</ymax></bndbox></object110><object111><name>thread</name><bndbox><xmin>51553</xmin><ymin>51553</ymin><xmax>51732</xmax><ymax>51732</ymax></bndbox></object111><object112><name>thread</name><bndbox><xmin>51761</xmin><ymin>51761</ymin><xmax>51940</xmax><ymax>51940</ymax></bndbox></object112><object113><name>thread</name><bndbox><xmin>203601</xmin><ymin>203601</ymin><xmax>203780</xmax><ymax>203780</ymax></bndbox></object113><object114><name>thread</name><bndbox><xmin>42657</xmin><ymin>42657</ymin><xmax>42836</xmax><ymax>42836</ymax></bndbox></object114><object115><name>thread</name><bndbox><xmin>444193</xmin><ymin>444193</ymin><xmax>444372</xmax><ymax>444372</ymax></bndbox></object115><object116><name>thread</name><bndbox><xmin>112881</xmin><ymin>112881</ymin><xmax>113060</xmax><ymax>113060</ymax></bndbox></object116><object117><name>thread</name><bndbox><xmin>267089</xmin><ymin>267089</ymin><xmax>267268</xmax><ymax>267268</ymax></bndbox></object117><objnum>117</objnum></annotations>