<annotations><folder>Memset</folder><filename><item>10_raw_0.seg.2532028416.2532081664.2532028416.png</item></filename><object1><name>process</name><bndbox><xmin>3505</xmin><ymin>3505</ymin><xmax>3692</xmax><ymax>3692</ymax></bndbox></object1><object2><name>thread</name><bndbox><xmin>3793</xmin><ymin>3793</ymin><xmax>3972</xmax><ymax>3972</ymax></bndbox></object2><object3><name>thread</name><bndbox><xmin>769</xmin><ymin>769</ymin><xmax>948</xmax><ymax>948</ymax></bndbox></object3><object4><name>thread</name><bndbox><xmin>3313</xmin><ymin>3313</ymin><xmax>3492</xmax><ymax>3492</ymax></bndbox></object4><objnum>4</objnum></annotations>