<annotations><folder>Memset</folder><filename><item>10_raw_0.seg.2531586048.2531635200.2531586048.png</item></filename><object1><name>thread</name><bndbox><xmin>8273</xmin><ymin>8273</ymin><xmax>8452</xmax><ymax>8452</ymax></bndbox></object1><object2><name>thread</name><bndbox><xmin>9521</xmin><ymin>9521</ymin><xmax>9700</xmax><ymax>9700</ymax></bndbox></object2><object3><name>thread</name><bndbox><xmin>1041</xmin><ymin>1041</ymin><xmax>1220</xmax><ymax>1220</ymax></bndbox></object3><objnum>3</objnum></annotations>