<annotations><folder>Memset</folder><filename><item>10_raw_0.seg.2334130176.2336235520.2334130176.png</item></filename><object1><name>process</name><bndbox><xmin>514065</xmin><ymin>514065</ymin><xmax>514252</xmax><ymax>514252</ymax></bndbox></object1><object2><name>process</name><bndbox><xmin>522033</xmin><ymin>522033</ymin><xmax>522220</xmax><ymax>522220</ymax></bndbox></object2><object3><name>thread</name><bndbox><xmin>522257</xmin><ymin>522257</ymin><xmax>522436</xmax><ymax>522436</ymax></bndbox></object3><object4><name>thread</name><bndbox><xmin>84705</xmin><ymin>84705</ymin><xmax>84884</xmax><ymax>84884</ymax></bndbox></object4><object5><name>thread</name><bndbox><xmin>146049</xmin><ymin>146049</ymin><xmax>146228</xmax><ymax>146228</ymax></bndbox></object5><object6><name>thread</name><bndbox><xmin>524113</xmin><ymin>524113</ymin><xmax>524292</xmax><ymax>524292</ymax></bndbox></object6><object7><name>thread</name><bndbox><xmin>511425</xmin><ymin>511425</ymin><xmax>511604</xmax><ymax>511604</ymax></bndbox></object7><object8><name>thread</name><bndbox><xmin>99745</xmin><ymin>99745</ymin><xmax>99924</xmax><ymax>99924</ymax></bndbox></object8><object9><name>thread</name><bndbox><xmin>514465</xmin><ymin>514465</ymin><xmax>514644</xmax><ymax>514644</ymax></bndbox></object9><objnum>9</objnum></annotations>