<annotations><folder>Memset</folder><filename><item>10_raw_0.seg.2532184064.2532212736.2532184064.png</item></filename><object1><name>thread</name><bndbox><xmin>6753</xmin><ymin>6753</ymin><xmax>6932</xmax><ymax>6932</ymax></bndbox></object1><object2><name>thread</name><bndbox><xmin>2897</xmin><ymin>2897</ymin><xmax>3076</xmax><ymax>3076</ymax></bndbox></object2><object3><name>thread</name><bndbox><xmin>625</xmin><ymin>625</ymin><xmax>804</xmax><ymax>804</ymax></bndbox></object3><object4><name>thread</name><bndbox><xmin>849</xmin><ymin>849</ymin><xmax>1028</xmax><ymax>1028</ymax></bndbox></object4><object5><name>thread</name><bndbox><xmin>1601</xmin><ymin>1601</ymin><xmax>1780</xmax><ymax>1780</ymax></bndbox></object5><objnum>5</objnum></annotations>