<annotations><folder>Memset</folder><filename><item>10_raw_0.seg.2457862144.2459889664.2457862144.png</item></filename><object1><name>process</name><bndbox><xmin>219665</xmin><ymin>219665</ymin><xmax>219852</xmax><ymax>219852</ymax></bndbox></object1><object2><name>process</name><bndbox><xmin>24593</xmin><ymin>24593</ymin><xmax>24780</xmax><ymax>24780</ymax></bndbox></object2><object3><name>process</name><bndbox><xmin>204913</xmin><ymin>204913</ymin><xmax>205100</xmax><ymax>205100</ymax></bndbox></object3><object4><name>process</name><bndbox><xmin>171361</xmin><ymin>171361</ymin><xmax>171548</xmax><ymax>171548</ymax></bndbox></object4><object5><name>process</name><bndbox><xmin>348529</xmin><ymin>348529</ymin><xmax>348716</xmax><ymax>348716</ymax></bndbox></object5><object6><name>process</name><bndbox><xmin>6961</xmin><ymin>6961</ymin><xmax>7148</xmax><ymax>7148</ymax></bndbox></object6><object7><name>process</name><bndbox><xmin>103441</xmin><ymin>103441</ymin><xmax>103628</xmax><ymax>103628</ymax></bndbox></object7><object8><name>process</name><bndbox><xmin>37377</xmin><ymin>37377</ymin><xmax>37564</xmax><ymax>37564</ymax></bndbox></object8><object9><name>process</name><bndbox><xmin>75217</xmin><ymin>75217</ymin><xmax>75404</xmax><ymax>75404</ymax></bndbox></object9><object10><name>process</name><bndbox><xmin>40721</xmin><ymin>40721</ymin><xmax>40908</xmax><ymax>40908</ymax></bndbox></object10><object11><name>thread</name><bndbox><xmin>334337</xmin><ymin>334337</ymin><xmax>334516</xmax><ymax>334516</ymax></bndbox></object11><object12><name>thread</name><bndbox><xmin>447569</xmin><ymin>447569</ymin><xmax>447748</xmax><ymax>447748</ymax></bndbox></object12><object13><name>thread</name><bndbox><xmin>430401</xmin><ymin>430401</ymin><xmax>430580</xmax><ymax>430580</ymax></bndbox></object13><object14><name>thread</name><bndbox><xmin>267601</xmin><ymin>267601</ymin><xmax>267780</xmax><ymax>267780</ymax></bndbox></object14><object15><name>thread</name><bndbox><xmin>252257</xmin><ymin>252257</ymin><xmax>252436</xmax><ymax>252436</ymax></bndbox></object15><object16><name>thread</name><bndbox><xmin>208305</xmin><ymin>208305</ymin><xmax>208484</xmax><ymax>208484</ymax></bndbox></object16><object17><name>thread</name><bndbox><xmin>147281</xmin><ymin>147281</ymin><xmax>147460</xmax><ymax>147460</ymax></bndbox></object17><object18><name>thread</name><bndbox><xmin>161617</xmin><ymin>161617</ymin><xmax>161796</xmax><ymax>161796</ymax></bndbox></object18><object19><name>thread</name><bndbox><xmin>214417</xmin><ymin>214417</ymin><xmax>214596</xmax><ymax>214596</ymax></bndbox></object19><object20><name>thread</name><bndbox><xmin>17425</xmin><ymin>17425</ymin><xmax>17604</xmax><ymax>17604</ymax></bndbox></object20><object21><name>thread</name><bndbox><xmin>181073</xmin><ymin>181073</ymin><xmax>181252</xmax><ymax>181252</ymax></bndbox></object21><object22><name>thread</name><bndbox><xmin>444433</xmin><ymin>444433</ymin><xmax>444612</xmax><ymax>444612</ymax></bndbox></object22><object23><name>thread</name><bndbox><xmin>56417</xmin><ymin>56417</ymin><xmax>56596</xmax><ymax>56596</ymax></bndbox></object23><object24><name>thread</name><bndbox><xmin>67857</xmin><ymin>67857</ymin><xmax>68036</xmax><ymax>68036</ymax></bndbox></object24><object25><name>thread</name><bndbox><xmin>69649</xmin><ymin>69649</ymin><xmax>69828</xmax><ymax>69828</ymax></bndbox></object25><object26><name>thread</name><bndbox><xmin>454049</xmin><ymin>454049</ymin><xmax>454228</xmax><ymax>454228</ymax></bndbox></object26><object27><name>thread</name><bndbox><xmin>177169</xmin><ymin>177169</ymin><xmax>177348</xmax><ymax>177348</ymax></bndbox></object27><object28><name>thread</name><bndbox><xmin>15185</xmin><ymin>15185</ymin><xmax>15364</xmax><ymax>15364</ymax></bndbox></object28><object29><name>thread</name><bndbox><xmin>219985</xmin><ymin>219985</ymin><xmax>220164</xmax><ymax>220164</ymax></bndbox></object29><object30><name>thread</name><bndbox><xmin>204353</xmin><ymin>204353</ymin><xmax>204532</xmax><ymax>204532</ymax></bndbox></object30><object31><name>thread</name><bndbox><xmin>306321</xmin><ymin>306321</ymin><xmax>306500</xmax><ymax>306500</ymax></bndbox></object31><object32><name>thread</name><bndbox><xmin>30737</xmin><ymin>30737</ymin><xmax>30916</xmax><ymax>30916</ymax></bndbox></object32><object33><name>thread</name><bndbox><xmin>61857</xmin><ymin>61857</ymin><xmax>62036</xmax><ymax>62036</ymax></bndbox></object33><object34><name>thread</name><bndbox><xmin>30129</xmin><ymin>30129</ymin><xmax>30308</xmax><ymax>30308</ymax></bndbox></object34><object35><name>thread</name><bndbox><xmin>127825</xmin><ymin>127825</ymin><xmax>128004</xmax><ymax>128004</ymax></bndbox></object35><object36><name>thread</name><bndbox><xmin>185073</xmin><ymin>185073</ymin><xmax>185252</xmax><ymax>185252</ymax></bndbox></object36><object37><name>thread</name><bndbox><xmin>315937</xmin><ymin>315937</ymin><xmax>316116</xmax><ymax>316116</ymax></bndbox></object37><object38><name>thread</name><bndbox><xmin>303713</xmin><ymin>303713</ymin><xmax>303892</xmax><ymax>303892</ymax></bndbox></object38><object39><name>thread</name><bndbox><xmin>387713</xmin><ymin>387713</ymin><xmax>387892</xmax><ymax>387892</ymax></bndbox></object39><object40><name>thread</name><bndbox><xmin>472433</xmin><ymin>472433</ymin><xmax>472612</xmax><ymax>472612</ymax></bndbox></object40><object41><name>thread</name><bndbox><xmin>430097</xmin><ymin>430097</ymin><xmax>430276</xmax><ymax>430276</ymax></bndbox></object41><object42><name>thread</name><bndbox><xmin>384321</xmin><ymin>384321</ymin><xmax>384500</xmax><ymax>384500</ymax></bndbox></object42><object43><name>thread</name><bndbox><xmin>210337</xmin><ymin>210337</ymin><xmax>210516</xmax><ymax>210516</ymax></bndbox></object43><object44><name>thread</name><bndbox><xmin>207697</xmin><ymin>207697</ymin><xmax>207876</xmax><ymax>207876</ymax></bndbox></object44><object45><name>thread</name><bndbox><xmin>21889</xmin><ymin>21889</ymin><xmax>22068</xmax><ymax>22068</ymax></bndbox></object45><object46><name>thread</name><bndbox><xmin>441361</xmin><ymin>441361</ymin><xmax>441540</xmax><ymax>441540</ymax></bndbox></object46><object47><name>thread</name><bndbox><xmin>314385</xmin><ymin>314385</ymin><xmax>314564</xmax><ymax>314564</ymax></bndbox></object47><object48><name>thread</name><bndbox><xmin>116561</xmin><ymin>116561</ymin><xmax>116740</xmax><ymax>116740</ymax></bndbox></object48><object49><name>thread</name><bndbox><xmin>35153</xmin><ymin>35153</ymin><xmax>35332</xmax><ymax>35332</ymax></bndbox></object49><object50><name>thread</name><bndbox><xmin>182465</xmin><ymin>182465</ymin><xmax>182644</xmax><ymax>182644</ymax></bndbox></object50><object51><name>thread</name><bndbox><xmin>70673</xmin><ymin>70673</ymin><xmax>70852</xmax><ymax>70852</ymax></bndbox></object51><object52><name>thread</name><bndbox><xmin>91217</xmin><ymin>91217</ymin><xmax>91396</xmax><ymax>91396</ymax></bndbox></object52><object53><name>thread</name><bndbox><xmin>76913</xmin><ymin>76913</ymin><xmax>77092</xmax><ymax>77092</ymax></bndbox></object53><object54><name>thread</name><bndbox><xmin>503153</xmin><ymin>503153</ymin><xmax>503332</xmax><ymax>503332</ymax></bndbox></object54><object55><name>thread</name><bndbox><xmin>179345</xmin><ymin>179345</ymin><xmax>179524</xmax><ymax>179524</ymax></bndbox></object55><object56><name>thread</name><bndbox><xmin>179553</xmin><ymin>179553</ymin><xmax>179732</xmax><ymax>179732</ymax></bndbox></object56><object57><name>thread</name><bndbox><xmin>98753</xmin><ymin>98753</ymin><xmax>98932</xmax><ymax>98932</ymax></bndbox></object57><object58><name>thread</name><bndbox><xmin>203793</xmin><ymin>203793</ymin><xmax>203972</xmax><ymax>203972</ymax></bndbox></object58><object59><name>thread</name><bndbox><xmin>169201</xmin><ymin>169201</ymin><xmax>169380</xmax><ymax>169380</ymax></bndbox></object59><object60><name>thread</name><bndbox><xmin>25153</xmin><ymin>25153</ymin><xmax>25332</xmax><ymax>25332</ymax></bndbox></object60><object61><name>thread</name><bndbox><xmin>204625</xmin><ymin>204625</ymin><xmax>204804</xmax><ymax>204804</ymax></bndbox></object61><object62><name>thread</name><bndbox><xmin>410785</xmin><ymin>410785</ymin><xmax>410964</xmax><ymax>410964</ymax></bndbox></object62><object63><name>thread</name><bndbox><xmin>93201</xmin><ymin>93201</ymin><xmax>93380</xmax><ymax>93380</ymax></bndbox></object63><object64><name>thread</name><bndbox><xmin>119025</xmin><ymin>119025</ymin><xmax>119204</xmax><ymax>119204</ymax></bndbox></object64><object65><name>thread</name><bndbox><xmin>452945</xmin><ymin>452945</ymin><xmax>453124</xmax><ymax>453124</ymax></bndbox></object65><object66><name>thread</name><bndbox><xmin>363537</xmin><ymin>363537</ymin><xmax>363716</xmax><ymax>363716</ymax></bndbox></object66><object67><name>thread</name><bndbox><xmin>177537</xmin><ymin>177537</ymin><xmax>177716</xmax><ymax>177716</ymax></bndbox></object67><object68><name>thread</name><bndbox><xmin>245153</xmin><ymin>245153</ymin><xmax>245332</xmax><ymax>245332</ymax></bndbox></object68><object69><name>thread</name><bndbox><xmin>177729</xmin><ymin>177729</ymin><xmax>177908</xmax><ymax>177908</ymax></bndbox></object69><object70><name>thread</name><bndbox><xmin>115377</xmin><ymin>115377</ymin><xmax>115556</xmax><ymax>115556</ymax></bndbox></object70><object71><name>thread</name><bndbox><xmin>184817</xmin><ymin>184817</ymin><xmax>184996</xmax><ymax>184996</ymax></bndbox></object71><object72><name>thread</name><bndbox><xmin>120321</xmin><ymin>120321</ymin><xmax>120500</xmax><ymax>120500</ymax></bndbox></object72><object73><name>thread</name><bndbox><xmin>503361</xmin><ymin>503361</ymin><xmax>503540</xmax><ymax>503540</ymax></bndbox></object73><object74><name>thread</name><bndbox><xmin>448529</xmin><ymin>448529</ymin><xmax>448708</xmax><ymax>448708</ymax></bndbox></object74><object75><name>thread</name><bndbox><xmin>303921</xmin><ymin>303921</ymin><xmax>304100</xmax><ymax>304100</ymax></bndbox></object75><object76><name>thread</name><bndbox><xmin>312497</xmin><ymin>312497</ymin><xmax>312676</xmax><ymax>312676</ymax></bndbox></object76><object77><name>thread</name><bndbox><xmin>120049</xmin><ymin>120049</ymin><xmax>120228</xmax><ymax>120228</ymax></bndbox></object77><object78><name>thread</name><bndbox><xmin>253201</xmin><ymin>253201</ymin><xmax>253380</xmax><ymax>253380</ymax></bndbox></object78><object79><name>thread</name><bndbox><xmin>360465</xmin><ymin>360465</ymin><xmax>360644</xmax><ymax>360644</ymax></bndbox></object79><object80><name>thread</name><bndbox><xmin>62833</xmin><ymin>62833</ymin><xmax>63012</xmax><ymax>63012</ymax></bndbox></object80><object81><name>thread</name><bndbox><xmin>81745</xmin><ymin>81745</ymin><xmax>81924</xmax><ymax>81924</ymax></bndbox></object81><object82><name>thread</name><bndbox><xmin>361905</xmin><ymin>361905</ymin><xmax>362084</xmax><ymax>362084</ymax></bndbox></object82><object83><name>thread</name><bndbox><xmin>432561</xmin><ymin>432561</ymin><xmax>432740</xmax><ymax>432740</ymax></bndbox></object83><object84><name>thread</name><bndbox><xmin>106513</xmin><ymin>106513</ymin><xmax>106692</xmax><ymax>106692</ymax></bndbox></object84><object85><name>thread</name><bndbox><xmin>305169</xmin><ymin>305169</ymin><xmax>305348</xmax><ymax>305348</ymax></bndbox></object85><object86><name>thread</name><bndbox><xmin>316977</xmin><ymin>316977</ymin><xmax>317156</xmax><ymax>317156</ymax></bndbox></object86><object87><name>thread</name><bndbox><xmin>133457</xmin><ymin>133457</ymin><xmax>133636</xmax><ymax>133636</ymax></bndbox></object87><object88><name>thread</name><bndbox><xmin>87057</xmin><ymin>87057</ymin><xmax>87236</xmax><ymax>87236</ymax></bndbox></object88><object89><name>thread</name><bndbox><xmin>221201</xmin><ymin>221201</ymin><xmax>221380</xmax><ymax>221380</ymax></bndbox></object89><object90><name>thread</name><bndbox><xmin>205137</xmin><ymin>205137</ymin><xmax>205316</xmax><ymax>205316</ymax></bndbox></object90><object91><name>thread</name><bndbox><xmin>186609</xmin><ymin>186609</ymin><xmax>186788</xmax><ymax>186788</ymax></bndbox></object91><object92><name>thread</name><bndbox><xmin>357729</xmin><ymin>357729</ymin><xmax>357908</xmax><ymax>357908</ymax></bndbox></object92><object93><name>thread</name><bndbox><xmin>266257</xmin><ymin>266257</ymin><xmax>266436</xmax><ymax>266436</ymax></bndbox></object93><object94><name>thread</name><bndbox><xmin>491137</xmin><ymin>491137</ymin><xmax>491316</xmax><ymax>491316</ymax></bndbox></object94><object95><name>thread</name><bndbox><xmin>13137</xmin><ymin>13137</ymin><xmax>13316</xmax><ymax>13316</ymax></bndbox></object95><object96><name>thread</name><bndbox><xmin>409617</xmin><ymin>409617</ymin><xmax>409796</xmax><ymax>409796</ymax></bndbox></object96><object97><name>thread</name><bndbox><xmin>59169</xmin><ymin>59169</ymin><xmax>59348</xmax><ymax>59348</ymax></bndbox></object97><object98><name>thread</name><bndbox><xmin>246801</xmin><ymin>246801</ymin><xmax>246980</xmax><ymax>246980</ymax></bndbox></object98><object99><name>thread</name><bndbox><xmin>107185</xmin><ymin>107185</ymin><xmax>107364</xmax><ymax>107364</ymax></bndbox></object99><object100><name>thread</name><bndbox><xmin>84817</xmin><ymin>84817</ymin><xmax>84996</xmax><ymax>84996</ymax></bndbox></object100><object101><name>thread</name><bndbox><xmin>491697</xmin><ymin>491697</ymin><xmax>491876</xmax><ymax>491876</ymax></bndbox></object101><object102><name>thread</name><bndbox><xmin>42113</xmin><ymin>42113</ymin><xmax>42292</xmax><ymax>42292</ymax></bndbox></object102><object103><name>thread</name><bndbox><xmin>353297</xmin><ymin>353297</ymin><xmax>353476</xmax><ymax>353476</ymax></bndbox></object103><object104><name>thread</name><bndbox><xmin>135361</xmin><ymin>135361</ymin><xmax>135540</xmax><ymax>135540</ymax></bndbox></object104><object105><name>thread</name><bndbox><xmin>64529</xmin><ymin>64529</ymin><xmax>64708</xmax><ymax>64708</ymax></bndbox></object105><object106><name>thread</name><bndbox><xmin>17793</xmin><ymin>17793</ymin><xmax>17972</xmax><ymax>17972</ymax></bndbox></object106><object107><name>thread</name><bndbox><xmin>108833</xmin><ymin>108833</ymin><xmax>109012</xmax><ymax>109012</ymax></bndbox></object107><object108><name>thread</name><bndbox><xmin>182689</xmin><ymin>182689</ymin><xmax>182868</xmax><ymax>182868</ymax></bndbox></object108><object109><name>thread</name><bndbox><xmin>258625</xmin><ymin>258625</ymin><xmax>258804</xmax><ymax>258804</ymax></bndbox></object109><object110><name>thread</name><bndbox><xmin>145233</xmin><ymin>145233</ymin><xmax>145412</xmax><ymax>145412</ymax></bndbox></object110><object111><name>thread</name><bndbox><xmin>42449</xmin><ymin>42449</ymin><xmax>42628</xmax><ymax>42628</ymax></bndbox></object111><object112><name>thread</name><bndbox><xmin>273697</xmin><ymin>273697</ymin><xmax>273876</xmax><ymax>273876</ymax></bndbox></object112><object113><name>thread</name><bndbox><xmin>31057</xmin><ymin>31057</ymin><xmax>31236</xmax><ymax>31236</ymax></bndbox></object113><object114><name>thread</name><bndbox><xmin>360817</xmin><ymin>360817</ymin><xmax>360996</xmax><ymax>360996</ymax></bndbox></object114><object115><name>thread</name><bndbox><xmin>81505</xmin><ymin>81505</ymin><xmax>81684</xmax><ymax>81684</ymax></bndbox></object115><object116><name>thread</name><bndbox><xmin>77841</xmin><ymin>77841</ymin><xmax>78020</xmax><ymax>78020</ymax></bndbox></object116><object117><name>thread</name><bndbox><xmin>443777</xmin><ymin>443777</ymin><xmax>443956</xmax><ymax>443956</ymax></bndbox></object117><object118><name>thread</name><bndbox><xmin>415425</xmin><ymin>415425</ymin><xmax>415604</xmax><ymax>415604</ymax></bndbox></object118><object119><name>thread</name><bndbox><xmin>7905</xmin><ymin>7905</ymin><xmax>8084</xmax><ymax>8084</ymax></bndbox></object119><object120><name>thread</name><bndbox><xmin>253505</xmin><ymin>253505</ymin><xmax>253684</xmax><ymax>253684</ymax></bndbox></object120><object121><name>thread</name><bndbox><xmin>420625</xmin><ymin>420625</ymin><xmax>420804</xmax><ymax>420804</ymax></bndbox></object121><object122><name>thread</name><bndbox><xmin>29489</xmin><ymin>29489</ymin><xmax>29668</xmax><ymax>29668</ymax></bndbox></object122><object123><name>thread</name><bndbox><xmin>30529</xmin><ymin>30529</ymin><xmax>30708</xmax><ymax>30708</ymax></bndbox></object123><object124><name>thread</name><bndbox><xmin>34353</xmin><ymin>34353</ymin><xmax>34532</xmax><ymax>34532</ymax></bndbox></object124><object125><name>thread</name><bndbox><xmin>372769</xmin><ymin>372769</ymin><xmax>372948</xmax><ymax>372948</ymax></bndbox></object125><object126><name>thread</name><bndbox><xmin>292881</xmin><ymin>292881</ymin><xmax>293060</xmax><ymax>293060</ymax></bndbox></object126><object127><name>thread</name><bndbox><xmin>57569</xmin><ymin>57569</ymin><xmax>57748</xmax><ymax>57748</ymax></bndbox></object127><object128><name>thread</name><bndbox><xmin>444801</xmin><ymin>444801</ymin><xmax>444980</xmax><ymax>444980</ymax></bndbox></object128><object129><name>thread</name><bndbox><xmin>101777</xmin><ymin>101777</ymin><xmax>101956</xmax><ymax>101956</ymax></bndbox></object129><object130><name>thread</name><bndbox><xmin>169393</xmin><ymin>169393</ymin><xmax>169572</xmax><ymax>169572</ymax></bndbox></object130><object131><name>thread</name><bndbox><xmin>274257</xmin><ymin>274257</ymin><xmax>274436</xmax><ymax>274436</ymax></bndbox></object131><object132><name>thread</name><bndbox><xmin>38929</xmin><ymin>38929</ymin><xmax>39108</xmax><ymax>39108</ymax></bndbox></object132><object133><name>thread</name><bndbox><xmin>175489</xmin><ymin>175489</ymin><xmax>175668</xmax><ymax>175668</ymax></bndbox></object133><object134><name>thread</name><bndbox><xmin>76433</xmin><ymin>76433</ymin><xmax>76612</xmax><ymax>76612</ymax></bndbox></object134><object135><name>thread</name><bndbox><xmin>176929</xmin><ymin>176929</ymin><xmax>177108</xmax><ymax>177108</ymax></bndbox></object135><object136><name>thread</name><bndbox><xmin>88657</xmin><ymin>88657</ymin><xmax>88836</xmax><ymax>88836</ymax></bndbox></object136><object137><name>thread</name><bndbox><xmin>491345</xmin><ymin>491345</ymin><xmax>491524</xmax><ymax>491524</ymax></bndbox></object137><object138><name>thread</name><bndbox><xmin>248161</xmin><ymin>248161</ymin><xmax>248340</xmax><ymax>248340</ymax></bndbox></object138><object139><name>thread</name><bndbox><xmin>452625</xmin><ymin>452625</ymin><xmax>452804</xmax><ymax>452804</ymax></bndbox></object139><object140><name>thread</name><bndbox><xmin>181345</xmin><ymin>181345</ymin><xmax>181524</xmax><ymax>181524</ymax></bndbox></object140><object141><name>thread</name><bndbox><xmin>35969</xmin><ymin>35969</ymin><xmax>36148</xmax><ymax>36148</ymax></bndbox></object141><object142><name>thread</name><bndbox><xmin>104001</xmin><ymin>104001</ymin><xmax>104180</xmax><ymax>104180</ymax></bndbox></object142><object143><name>thread</name><bndbox><xmin>144673</xmin><ymin>144673</ymin><xmax>144852</xmax><ymax>144852</ymax></bndbox></object143><object144><name>thread</name><bndbox><xmin>32065</xmin><ymin>32065</ymin><xmax>32244</xmax><ymax>32244</ymax></bndbox></object144><object145><name>thread</name><bndbox><xmin>478529</xmin><ymin>478529</ymin><xmax>478708</xmax><ymax>478708</ymax></bndbox></object145><object146><name>thread</name><bndbox><xmin>478737</xmin><ymin>478737</ymin><xmax>478916</xmax><ymax>478916</ymax></bndbox></object146><object147><name>thread</name><bndbox><xmin>71329</xmin><ymin>71329</ymin><xmax>71508</xmax><ymax>71508</ymax></bndbox></object147><object148><name>thread</name><bndbox><xmin>418513</xmin><ymin>418513</ymin><xmax>418692</xmax><ymax>418692</ymax></bndbox></object148><object149><name>thread</name><bndbox><xmin>307985</xmin><ymin>307985</ymin><xmax>308164</xmax><ymax>308164</ymax></bndbox></object149><object150><name>thread</name><bndbox><xmin>449553</xmin><ymin>449553</ymin><xmax>449732</xmax><ymax>449732</ymax></bndbox></object150><object151><name>thread</name><bndbox><xmin>300177</xmin><ymin>300177</ymin><xmax>300356</xmax><ymax>300356</ymax></bndbox></object151><object152><name>thread</name><bndbox><xmin>16209</xmin><ymin>16209</ymin><xmax>16388</xmax><ymax>16388</ymax></bndbox></object152><object153><name>thread</name><bndbox><xmin>68625</xmin><ymin>68625</ymin><xmax>68804</xmax><ymax>68804</ymax></bndbox></object153><object154><name>thread</name><bndbox><xmin>395089</xmin><ymin>395089</ymin><xmax>395268</xmax><ymax>395268</ymax></bndbox></object154><object155><name>thread</name><bndbox><xmin>373249</xmin><ymin>373249</ymin><xmax>373428</xmax><ymax>373428</ymax></bndbox></object155><object156><name>thread</name><bndbox><xmin>193361</xmin><ymin>193361</ymin><xmax>193540</xmax><ymax>193540</ymax></bndbox></object156><object157><name>thread</name><bndbox><xmin>18001</xmin><ymin>18001</ymin><xmax>18180</xmax><ymax>18180</ymax></bndbox></object157><object158><name>thread</name><bndbox><xmin>501777</xmin><ymin>501777</ymin><xmax>501956</xmax><ymax>501956</ymax></bndbox></object158><object159><name>thread</name><bndbox><xmin>251537</xmin><ymin>251537</ymin><xmax>251716</xmax><ymax>251716</ymax></bndbox></object159><object160><name>thread</name><bndbox><xmin>171697</xmin><ymin>171697</ymin><xmax>171876</xmax><ymax>171876</ymax></bndbox></object160><object161><name>thread</name><bndbox><xmin>72785</xmin><ymin>72785</ymin><xmax>72964</xmax><ymax>72964</ymax></bndbox></object161><object162><name>thread</name><bndbox><xmin>308481</xmin><ymin>308481</ymin><xmax>308660</xmax><ymax>308660</ymax></bndbox></object162><object163><name>thread</name><bndbox><xmin>34113</xmin><ymin>34113</ymin><xmax>34292</xmax><ymax>34292</ymax></bndbox></object163><object164><name>thread</name><bndbox><xmin>183649</xmin><ymin>183649</ymin><xmax>183828</xmax><ymax>183828</ymax></bndbox></object164><object165><name>thread</name><bndbox><xmin>87889</xmin><ymin>87889</ymin><xmax>88068</xmax><ymax>88068</ymax></bndbox></object165><object166><name>thread</name><bndbox><xmin>332145</xmin><ymin>332145</ymin><xmax>332324</xmax><ymax>332324</ymax></bndbox></object166><object167><name>thread</name><bndbox><xmin>427857</xmin><ymin>427857</ymin><xmax>428036</xmax><ymax>428036</ymax></bndbox></object167><object168><name>thread</name><bndbox><xmin>266705</xmin><ymin>266705</ymin><xmax>266884</xmax><ymax>266884</ymax></bndbox></object168><object169><name>thread</name><bndbox><xmin>366209</xmin><ymin>366209</ymin><xmax>366388</xmax><ymax>366388</ymax></bndbox></object169><object170><name>thread</name><bndbox><xmin>320177</xmin><ymin>320177</ymin><xmax>320356</xmax><ymax>320356</ymax></bndbox></object170><object171><name>thread</name><bndbox><xmin>209745</xmin><ymin>209745</ymin><xmax>209924</xmax><ymax>209924</ymax></bndbox></object171><object172><name>thread</name><bndbox><xmin>491889</xmin><ymin>491889</ymin><xmax>492068</xmax><ymax>492068</ymax></bndbox></object172><object173><name>thread</name><bndbox><xmin>80913</xmin><ymin>80913</ymin><xmax>81092</xmax><ymax>81092</ymax></bndbox></object173><object174><name>thread</name><bndbox><xmin>299105</xmin><ymin>299105</ymin><xmax>299284</xmax><ymax>299284</ymax></bndbox></object174><object175><name>thread</name><bndbox><xmin>63745</xmin><ymin>63745</ymin><xmax>63924</xmax><ymax>63924</ymax></bndbox></object175><object176><name>thread</name><bndbox><xmin>350225</xmin><ymin>350225</ymin><xmax>350404</xmax><ymax>350404</ymax></bndbox></object176><object177><name>thread</name><bndbox><xmin>273985</xmin><ymin>273985</ymin><xmax>274164</xmax><ymax>274164</ymax></bndbox></object177><object178><name>thread</name><bndbox><xmin>357057</xmin><ymin>357057</ymin><xmax>357236</xmax><ymax>357236</ymax></bndbox></object178><object179><name>thread</name><bndbox><xmin>368273</xmin><ymin>368273</ymin><xmax>368452</xmax><ymax>368452</ymax></bndbox></object179><object180><name>thread</name><bndbox><xmin>403121</xmin><ymin>403121</ymin><xmax>403300</xmax><ymax>403300</ymax></bndbox></object180><object181><name>thread</name><bndbox><xmin>214833</xmin><ymin>214833</ymin><xmax>215012</xmax><ymax>215012</ymax></bndbox></object181><object182><name>thread</name><bndbox><xmin>165249</xmin><ymin>165249</ymin><xmax>165428</xmax><ymax>165428</ymax></bndbox></object182><object183><name>thread</name><bndbox><xmin>135649</xmin><ymin>135649</ymin><xmax>135828</xmax><ymax>135828</ymax></bndbox></object183><object184><name>thread</name><bndbox><xmin>467281</xmin><ymin>467281</ymin><xmax>467460</xmax><ymax>467460</ymax></bndbox></object184><object185><name>thread</name><bndbox><xmin>174257</xmin><ymin>174257</ymin><xmax>174436</xmax><ymax>174436</ymax></bndbox></object185><object186><name>thread</name><bndbox><xmin>365585</xmin><ymin>365585</ymin><xmax>365764</xmax><ymax>365764</ymax></bndbox></object186><object187><name>thread</name><bndbox><xmin>238609</xmin><ymin>238609</ymin><xmax>238788</xmax><ymax>238788</ymax></bndbox></object187><object188><name>thread</name><bndbox><xmin>111633</xmin><ymin>111633</ymin><xmax>111812</xmax><ymax>111812</ymax></bndbox></object188><object189><name>thread</name><bndbox><xmin>376577</xmin><ymin>376577</ymin><xmax>376756</xmax><ymax>376756</ymax></bndbox></object189><object190><name>thread</name><bndbox><xmin>66065</xmin><ymin>66065</ymin><xmax>66244</xmax><ymax>66244</ymax></bndbox></object190><object191><name>thread</name><bndbox><xmin>346129</xmin><ymin>346129</ymin><xmax>346308</xmax><ymax>346308</ymax></bndbox></object191><object192><name>thread</name><bndbox><xmin>416145</xmin><ymin>416145</ymin><xmax>416324</xmax><ymax>416324</ymax></bndbox></object192><objnum>192</objnum></annotations>