<annotations><folder>Memset</folder><filename><item>10_raw_0.seg.2532216832.2532270080.2532216832.png</item></filename><object1><name>thread</name><bndbox><xmin>8209</xmin><ymin>8209</ymin><xmax>8388</xmax><ymax>8388</ymax></bndbox></object1><object2><name>thread</name><bndbox><xmin>10257</xmin><ymin>10257</ymin><xmax>10436</xmax><ymax>10436</ymax></bndbox></object2><object3><name>thread</name><bndbox><xmin>3233</xmin><ymin>3233</ymin><xmax>3412</xmax><ymax>3412</ymax></bndbox></object3><object4><name>thread</name><bndbox><xmin>8017</xmin><ymin>8017</ymin><xmax>8196</xmax><ymax>8196</ymax></bndbox></object4><object5><name>thread</name><bndbox><xmin>9649</xmin><ymin>9649</ymin><xmax>9828</xmax><ymax>9828</ymax></bndbox></object5><object6><name>thread</name><bndbox><xmin>9041</xmin><ymin>9041</ymin><xmax>9220</xmax><ymax>9220</ymax></bndbox></object6><object7><name>thread</name><bndbox><xmin>11969</xmin><ymin>11969</ymin><xmax>12148</xmax><ymax>12148</ymax></bndbox></object7><object8><name>thread</name><bndbox><xmin>5969</xmin><ymin>5969</ymin><xmax>6148</xmax><ymax>6148</ymax></bndbox></object8><object9><name>thread</name><bndbox><xmin>12305</xmin><ymin>12305</ymin><xmax>12484</xmax><ymax>12484</ymax></bndbox></object9><object10><name>thread</name><bndbox><xmin>5409</xmin><ymin>5409</ymin><xmax>5588</xmax><ymax>5588</ymax></bndbox></object10><object11><name>thread</name><bndbox><xmin>849</xmin><ymin>849</ymin><xmax>1028</xmax><ymax>1028</ymax></bndbox></object11><object12><name>thread</name><bndbox><xmin>12657</xmin><ymin>12657</ymin><xmax>12836</xmax><ymax>12836</ymax></bndbox></object12><objnum>12</objnum></annotations>