<annotations><folder>Memset</folder><filename><item>10_raw_0.seg.2309607424.2317803520.2309607424.png</item></filename><object1><name>process</name><bndbox><xmin>110096</xmin><ymin>110096</ymin><xmax>110320</xmax><ymax>110320</ymax></bndbox></object1><object2><name>process</name><bndbox><xmin>1166816</xmin><ymin>1166816</ymin><xmax>1167040</xmax><ymax>1167040</ymax></bndbox></object2><object3><name>process</name><bndbox><xmin>1076320</xmin><ymin>1076320</ymin><xmax>1076544</xmax><ymax>1076544</ymax></bndbox></object3><object4><name>process</name><bndbox><xmin>965744</xmin><ymin>965744</ymin><xmax>965968</xmax><ymax>965968</ymax></bndbox></object4><object5><name>process</name><bndbox><xmin>2038544</xmin><ymin>2038544</ymin><xmax>2038768</xmax><ymax>2038768</ymax></bndbox></object5><object6><name>process</name><bndbox><xmin>1506320</xmin><ymin>1506320</ymin><xmax>1506544</xmax><ymax>1506544</ymax></bndbox></object6><object7><name>process</name><bndbox><xmin>1451184</xmin><ymin>1451184</ymin><xmax>1451408</xmax><ymax>1451408</ymax></bndbox></object7><object8><name>process</name><bndbox><xmin>1015824</xmin><ymin>1015824</ymin><xmax>1016048</xmax><ymax>1016048</ymax></bndbox></object8><object9><name>process</name><bndbox><xmin>885776</xmin><ymin>885776</ymin><xmax>886000</xmax><ymax>886000</ymax></bndbox></object9><object10><name>process</name><bndbox><xmin>1048832</xmin><ymin>1048832</ymin><xmax>1049056</xmax><ymax>1049056</ymax></bndbox></object10><object11><name>process</name><bndbox><xmin>844272</xmin><ymin>844272</ymin><xmax>844496</xmax><ymax>844496</ymax></bndbox></object11><object12><name>process</name><bndbox><xmin>112400</xmin><ymin>112400</ymin><xmax>112624</xmax><ymax>112624</ymax></bndbox></object12><object13><name>process</name><bndbox><xmin>234896</xmin><ymin>234896</ymin><xmax>235120</xmax><ymax>235120</ymax></bndbox></object13><object14><name>process</name><bndbox><xmin>137664</xmin><ymin>137664</ymin><xmax>137888</xmax><ymax>137888</ymax></bndbox></object14><object15><name>process</name><bndbox><xmin>335888</xmin><ymin>335888</ymin><xmax>336112</xmax><ymax>336112</ymax></bndbox></object15><object16><name>process</name><bndbox><xmin>1200576</xmin><ymin>1200576</ymin><xmax>1200800</xmax><ymax>1200800</ymax></bndbox></object16><object17><name>process</name><bndbox><xmin>894432</xmin><ymin>894432</ymin><xmax>894656</xmax><ymax>894656</ymax></bndbox></object17><object18><name>process</name><bndbox><xmin>1335840</xmin><ymin>1335840</ymin><xmax>1336064</xmax><ymax>1336064</ymax></bndbox></object18><object19><name>process</name><bndbox><xmin>1145376</xmin><ymin>1145376</ymin><xmax>1145600</xmax><ymax>1145600</ymax></bndbox></object19><object20><name>process</name><bndbox><xmin>275872</xmin><ymin>275872</ymin><xmax>276096</xmax><ymax>276096</ymax></bndbox></object20><object21><name>process</name><bndbox><xmin>418576</xmin><ymin>418576</ymin><xmax>418800</xmax><ymax>418800</ymax></bndbox></object21><object22><name>process</name><bndbox><xmin>668432</xmin><ymin>668432</ymin><xmax>668656</xmax><ymax>668656</ymax></bndbox></object22><object23><name>process</name><bndbox><xmin>331280</xmin><ymin>331280</ymin><xmax>331504</xmax><ymax>331504</ymax></bndbox></object23><object24><name>process</name><bndbox><xmin>1077008</xmin><ymin>1077008</ymin><xmax>1077232</xmax><ymax>1077232</ymax></bndbox></object24><object25><name>process</name><bndbox><xmin>184336</xmin><ymin>184336</ymin><xmax>184560</xmax><ymax>184560</ymax></bndbox></object25><object26><name>process</name><bndbox><xmin>405920</xmin><ymin>405920</ymin><xmax>406144</xmax><ymax>406144</ymax></bndbox></object26><object27><name>process</name><bndbox><xmin>1497104</xmin><ymin>1497104</ymin><xmax>1497328</xmax><ymax>1497328</ymax></bndbox></object27><object28><name>process</name><bndbox><xmin>1237008</xmin><ymin>1237008</ymin><xmax>1237232</xmax><ymax>1237232</ymax></bndbox></object28><objnum>28</objnum></annotations>