<annotations><folder>Memset</folder><filename><item>10_raw_0.seg.2308960256.2309603328.2308960256.png</item></filename><object1><name>process</name><bndbox><xmin>107936</xmin><ymin>107936</ymin><xmax>108160</xmax><ymax>108160</ymax></bndbox></object1><object2><name>process</name><bndbox><xmin>119312</xmin><ymin>119312</ymin><xmax>119536</xmax><ymax>119536</ymax></bndbox></object2><object3><name>process</name><bndbox><xmin>71424</xmin><ymin>71424</ymin><xmax>71648</xmax><ymax>71648</ymax></bndbox></object3><objnum>3</objnum></annotations>