<annotations><folder>Memset</folder><filename><item>1_raw_0.seg.2202009600.2222997504.2202009600.png</item></filename><object1><name>process</name><bndbox><xmin>83265</xmin><ymin>83265</ymin><xmax>83452</xmax><ymax>83452</ymax></bndbox></object1><object2><name>process</name><bndbox><xmin>252945</xmin><ymin>252945</ymin><xmax>253132</xmax><ymax>253132</ymax></bndbox></object2><object3><name>process</name><bndbox><xmin>3958801</xmin><ymin>3958801</ymin><xmax>3958988</xmax><ymax>3958988</ymax></bndbox></object3><object4><name>process</name><bndbox><xmin>4108529</xmin><ymin>4108529</ymin><xmax>4108716</xmax><ymax>4108716</ymax></bndbox></object4><object5><name>process</name><bndbox><xmin>5110801</xmin><ymin>5110801</ymin><xmax>5110988</xmax><ymax>5110988</ymax></bndbox></object5><object6><name>process</name><bndbox><xmin>5119361</xmin><ymin>5119361</ymin><xmax>5119548</xmax><ymax>5119548</ymax></bndbox></object6><object7><name>process</name><bndbox><xmin>262577</xmin><ymin>262577</ymin><xmax>262764</xmax><ymax>262764</ymax></bndbox></object7><object8><name>process</name><bndbox><xmin>4744561</xmin><ymin>4744561</ymin><xmax>4744748</xmax><ymax>4744748</ymax></bndbox></object8><object9><name>process</name><bndbox><xmin>236561</xmin><ymin>236561</ymin><xmax>236748</xmax><ymax>236748</ymax></bndbox></object9><object10><name>process</name><bndbox><xmin>4107057</xmin><ymin>4107057</ymin><xmax>4107244</xmax><ymax>4107244</ymax></bndbox></object10><object11><name>process</name><bndbox><xmin>238609</xmin><ymin>238609</ymin><xmax>238796</xmax><ymax>238796</ymax></bndbox></object11><object12><name>process</name><bndbox><xmin>239633</xmin><ymin>239633</ymin><xmax>239820</xmax><ymax>239820</ymax></bndbox></object12><object13><name>process</name><bndbox><xmin>228369</xmin><ymin>228369</ymin><xmax>228556</xmax><ymax>228556</ymax></bndbox></object13><object14><name>process</name><bndbox><xmin>4094657</xmin><ymin>4094657</ymin><xmax>4094844</xmax><ymax>4094844</ymax></bndbox></object14><object15><name>thread</name><bndbox><xmin>60161</xmin><ymin>60161</ymin><xmax>60340</xmax><ymax>60340</ymax></bndbox></object15><object16><name>thread</name><bndbox><xmin>4788049</xmin><ymin>4788049</ymin><xmax>4788228</xmax><ymax>4788228</ymax></bndbox></object16><object17><name>thread</name><bndbox><xmin>92177</xmin><ymin>92177</ymin><xmax>92356</xmax><ymax>92356</ymax></bndbox></object17><object18><name>thread</name><bndbox><xmin>205969</xmin><ymin>205969</ymin><xmax>206148</xmax><ymax>206148</ymax></bndbox></object18><object19><name>thread</name><bndbox><xmin>5128017</xmin><ymin>5128017</ymin><xmax>5128196</xmax><ymax>5128196</ymax></bndbox></object19><object20><name>thread</name><bndbox><xmin>210049</xmin><ymin>210049</ymin><xmax>210228</xmax><ymax>210228</ymax></bndbox></object20><object21><name>thread</name><bndbox><xmin>4112641</xmin><ymin>4112641</ymin><xmax>4112820</xmax><ymax>4112820</ymax></bndbox></object21><object22><name>thread</name><bndbox><xmin>5093745</xmin><ymin>5093745</ymin><xmax>5093924</xmax><ymax>5093924</ymax></bndbox></object22><object23><name>thread</name><bndbox><xmin>5168145</xmin><ymin>5168145</ymin><xmax>5168324</xmax><ymax>5168324</ymax></bndbox></object23><object24><name>thread</name><bndbox><xmin>271377</xmin><ymin>271377</ymin><xmax>271556</xmax><ymax>271556</ymax></bndbox></object24><object25><name>thread</name><bndbox><xmin>5113681</xmin><ymin>5113681</ymin><xmax>5113860</xmax><ymax>5113860</ymax></bndbox></object25><object26><name>thread</name><bndbox><xmin>5161201</xmin><ymin>5161201</ymin><xmax>5161380</xmax><ymax>5161380</ymax></bndbox></object26><object27><name>thread</name><bndbox><xmin>5134673</xmin><ymin>5134673</ymin><xmax>5134852</xmax><ymax>5134852</ymax></bndbox></object27><object28><name>thread</name><bndbox><xmin>73057</xmin><ymin>73057</ymin><xmax>73236</xmax><ymax>73236</ymax></bndbox></object28><object29><name>thread</name><bndbox><xmin>139633</xmin><ymin>139633</ymin><xmax>139812</xmax><ymax>139812</ymax></bndbox></object29><object30><name>thread</name><bndbox><xmin>4109761</xmin><ymin>4109761</ymin><xmax>4109940</xmax><ymax>4109940</ymax></bndbox></object30><object31><name>thread</name><bndbox><xmin>5111265</xmin><ymin>5111265</ymin><xmax>5111444</xmax><ymax>5111444</ymax></bndbox></object31><object32><name>thread</name><bndbox><xmin>4139473</xmin><ymin>4139473</ymin><xmax>4139652</xmax><ymax>4139652</ymax></bndbox></object32><object33><name>thread</name><bndbox><xmin>3068945</xmin><ymin>3068945</ymin><xmax>3069124</xmax><ymax>3069124</ymax></bndbox></object33><object34><name>thread</name><bndbox><xmin>101393</xmin><ymin>101393</ymin><xmax>101572</xmax><ymax>101572</ymax></bndbox></object34><object35><name>thread</name><bndbox><xmin>122705</xmin><ymin>122705</ymin><xmax>122884</xmax><ymax>122884</ymax></bndbox></object35><object36><name>thread</name><bndbox><xmin>5098769</xmin><ymin>5098769</ymin><xmax>5098948</xmax><ymax>5098948</ymax></bndbox></object36><object37><name>thread</name><bndbox><xmin>5170545</xmin><ymin>5170545</ymin><xmax>5170724</xmax><ymax>5170724</ymax></bndbox></object37><object38><name>thread</name><bndbox><xmin>5077441</xmin><ymin>5077441</ymin><xmax>5077620</xmax><ymax>5077620</ymax></bndbox></object38><object39><name>thread</name><bndbox><xmin>5115409</xmin><ymin>5115409</ymin><xmax>5115588</xmax><ymax>5115588</ymax></bndbox></object39><object40><name>thread</name><bndbox><xmin>4120145</xmin><ymin>4120145</ymin><xmax>4120324</xmax><ymax>4120324</ymax></bndbox></object40><object41><name>thread</name><bndbox><xmin>279953</xmin><ymin>279953</ymin><xmax>280132</xmax><ymax>280132</ymax></bndbox></object41><object42><name>thread</name><bndbox><xmin>4129505</xmin><ymin>4129505</ymin><xmax>4129684</xmax><ymax>4129684</ymax></bndbox></object42><object43><name>thread</name><bndbox><xmin>4097777</xmin><ymin>4097777</ymin><xmax>4097956</xmax><ymax>4097956</ymax></bndbox></object43><object44><name>thread</name><bndbox><xmin>4120401</xmin><ymin>4120401</ymin><xmax>4120580</xmax><ymax>4120580</ymax></bndbox></object44><object45><name>thread</name><bndbox><xmin>280673</xmin><ymin>280673</ymin><xmax>280852</xmax><ymax>280852</ymax></bndbox></object45><object46><name>thread</name><bndbox><xmin>82961</xmin><ymin>82961</ymin><xmax>83140</xmax><ymax>83140</ymax></bndbox></object46><object47><name>thread</name><bndbox><xmin>2926705</xmin><ymin>2926705</ymin><xmax>2926884</xmax><ymax>2926884</ymax></bndbox></object47><object48><name>thread</name><bndbox><xmin>275617</xmin><ymin>275617</ymin><xmax>275796</xmax><ymax>275796</ymax></bndbox></object48><object49><name>thread</name><bndbox><xmin>4099329</xmin><ymin>4099329</ymin><xmax>4099508</xmax><ymax>4099508</ymax></bndbox></object49><object50><name>thread</name><bndbox><xmin>299281</xmin><ymin>299281</ymin><xmax>299460</xmax><ymax>299460</ymax></bndbox></object50><object51><name>thread</name><bndbox><xmin>285985</xmin><ymin>285985</ymin><xmax>286164</xmax><ymax>286164</ymax></bndbox></object51><object52><name>thread</name><bndbox><xmin>223601</xmin><ymin>223601</ymin><xmax>223780</xmax><ymax>223780</ymax></bndbox></object52><object53><name>thread</name><bndbox><xmin>251393</xmin><ymin>251393</ymin><xmax>251572</xmax><ymax>251572</ymax></bndbox></object53><object54><name>thread</name><bndbox><xmin>277953</xmin><ymin>277953</ymin><xmax>278132</xmax><ymax>278132</ymax></bndbox></object54><object55><name>thread</name><bndbox><xmin>215537</xmin><ymin>215537</ymin><xmax>215716</xmax><ymax>215716</ymax></bndbox></object55><object56><name>thread</name><bndbox><xmin>253505</xmin><ymin>253505</ymin><xmax>253684</xmax><ymax>253684</ymax></bndbox></object56><object57><name>thread</name><bndbox><xmin>242705</xmin><ymin>242705</ymin><xmax>242884</xmax><ymax>242884</ymax></bndbox></object57><object58><name>thread</name><bndbox><xmin>114369</xmin><ymin>114369</ymin><xmax>114548</xmax><ymax>114548</ymax></bndbox></object58><object59><name>thread</name><bndbox><xmin>5125569</xmin><ymin>5125569</ymin><xmax>5125748</xmax><ymax>5125748</ymax></bndbox></object59><object60><name>thread</name><bndbox><xmin>115729</xmin><ymin>115729</ymin><xmax>115908</xmax><ymax>115908</ymax></bndbox></object60><object61><name>thread</name><bndbox><xmin>5137233</xmin><ymin>5137233</ymin><xmax>5137412</xmax><ymax>5137412</ymax></bndbox></object61><object62><name>thread</name><bndbox><xmin>5102993</xmin><ymin>5102993</ymin><xmax>5103172</xmax><ymax>5103172</ymax></bndbox></object62><object63><name>thread</name><bndbox><xmin>3950017</xmin><ymin>3950017</ymin><xmax>3950196</xmax><ymax>3950196</ymax></bndbox></object63><object64><name>thread</name><bndbox><xmin>5082561</xmin><ymin>5082561</ymin><xmax>5082740</xmax><ymax>5082740</ymax></bndbox></object64><object65><name>thread</name><bndbox><xmin>59185</xmin><ymin>59185</ymin><xmax>59364</xmax><ymax>59364</ymax></bndbox></object65><object66><name>thread</name><bndbox><xmin>5125265</xmin><ymin>5125265</ymin><xmax>5125444</xmax><ymax>5125444</ymax></bndbox></object66><object67><name>thread</name><bndbox><xmin>197457</xmin><ymin>197457</ymin><xmax>197636</xmax><ymax>197636</ymax></bndbox></object67><object68><name>thread</name><bndbox><xmin>97105</xmin><ymin>97105</ymin><xmax>97284</xmax><ymax>97284</ymax></bndbox></object68><object69><name>thread</name><bndbox><xmin>271937</xmin><ymin>271937</ymin><xmax>272116</xmax><ymax>272116</ymax></bndbox></object69><object70><name>thread</name><bndbox><xmin>81329</xmin><ymin>81329</ymin><xmax>81508</xmax><ymax>81508</ymax></bndbox></object70><object71><name>thread</name><bndbox><xmin>111233</xmin><ymin>111233</ymin><xmax>111412</xmax><ymax>111412</ymax></bndbox></object71><object72><name>thread</name><bndbox><xmin>272209</xmin><ymin>272209</ymin><xmax>272388</xmax><ymax>272388</ymax></bndbox></object72><object73><name>thread</name><bndbox><xmin>4156577</xmin><ymin>4156577</ymin><xmax>4156756</xmax><ymax>4156756</ymax></bndbox></object73><object74><name>thread</name><bndbox><xmin>88081</xmin><ymin>88081</ymin><xmax>88260</xmax><ymax>88260</ymax></bndbox></object74><object75><name>thread</name><bndbox><xmin>4158593</xmin><ymin>4158593</ymin><xmax>4158772</xmax><ymax>4158772</ymax></bndbox></object75><object76><name>thread</name><bndbox><xmin>4135185</xmin><ymin>4135185</ymin><xmax>4135364</xmax><ymax>4135364</ymax></bndbox></object76><object77><name>thread</name><bndbox><xmin>4119841</xmin><ymin>4119841</ymin><xmax>4120020</xmax><ymax>4120020</ymax></bndbox></object77><object78><name>thread</name><bndbox><xmin>3058513</xmin><ymin>3058513</ymin><xmax>3058692</xmax><ymax>3058692</ymax></bndbox></object78><object79><name>thread</name><bndbox><xmin>4126337</xmin><ymin>4126337</ymin><xmax>4126516</xmax><ymax>4126516</ymax></bndbox></object79><object80><name>thread</name><bndbox><xmin>4164689</xmin><ymin>4164689</ymin><xmax>4164868</xmax><ymax>4164868</ymax></bndbox></object80><object81><name>thread</name><bndbox><xmin>110417</xmin><ymin>110417</ymin><xmax>110596</xmax><ymax>110596</ymax></bndbox></object81><object82><name>thread</name><bndbox><xmin>5150465</xmin><ymin>5150465</ymin><xmax>5150644</xmax><ymax>5150644</ymax></bndbox></object82><object83><name>thread</name><bndbox><xmin>142161</xmin><ymin>142161</ymin><xmax>142340</xmax><ymax>142340</ymax></bndbox></object83><object84><name>thread</name><bndbox><xmin>255265</xmin><ymin>255265</ymin><xmax>255444</xmax><ymax>255444</ymax></bndbox></object84><object85><name>thread</name><bndbox><xmin>3070993</xmin><ymin>3070993</ymin><xmax>3071172</xmax><ymax>3071172</ymax></bndbox></object85><object86><name>thread</name><bndbox><xmin>3112081</xmin><ymin>3112081</ymin><xmax>3112260</xmax><ymax>3112260</ymax></bndbox></object86><object87><name>thread</name><bndbox><xmin>5105985</xmin><ymin>5105985</ymin><xmax>5106164</xmax><ymax>5106164</ymax></bndbox></object87><object88><name>thread</name><bndbox><xmin>78177</xmin><ymin>78177</ymin><xmax>78356</xmax><ymax>78356</ymax></bndbox></object88><object89><name>thread</name><bndbox><xmin>4125905</xmin><ymin>4125905</ymin><xmax>4126084</xmax><ymax>4126084</ymax></bndbox></object89><object90><name>thread</name><bndbox><xmin>218609</xmin><ymin>218609</ymin><xmax>218788</xmax><ymax>218788</ymax></bndbox></object90><object91><name>thread</name><bndbox><xmin>59969</xmin><ymin>59969</ymin><xmax>60148</xmax><ymax>60148</ymax></bndbox></object91><object92><name>thread</name><bndbox><xmin>4138833</xmin><ymin>4138833</ymin><xmax>4139012</xmax><ymax>4139012</ymax></bndbox></object92><object93><name>thread</name><bndbox><xmin>131745</xmin><ymin>131745</ymin><xmax>131924</xmax><ymax>131924</ymax></bndbox></object93><object94><name>thread</name><bndbox><xmin>134865</xmin><ymin>134865</ymin><xmax>135044</xmax><ymax>135044</ymax></bndbox></object94><object95><name>thread</name><bndbox><xmin>4124497</xmin><ymin>4124497</ymin><xmax>4124676</xmax><ymax>4124676</ymax></bndbox></object95><object96><name>thread</name><bndbox><xmin>4143329</xmin><ymin>4143329</ymin><xmax>4143508</xmax><ymax>4143508</ymax></bndbox></object96><object97><name>thread</name><bndbox><xmin>112337</xmin><ymin>112337</ymin><xmax>112516</xmax><ymax>112516</ymax></bndbox></object97><object98><name>thread</name><bndbox><xmin>4094065</xmin><ymin>4094065</ymin><xmax>4094244</xmax><ymax>4094244</ymax></bndbox></object98><object99><name>thread</name><bndbox><xmin>4164433</xmin><ymin>4164433</ymin><xmax>4164612</xmax><ymax>4164612</ymax></bndbox></object99><object100><name>thread</name><bndbox><xmin>2926897</xmin><ymin>2926897</ymin><xmax>2927076</xmax><ymax>2927076</ymax></bndbox></object100><object101><name>thread</name><bndbox><xmin>5112657</xmin><ymin>5112657</ymin><xmax>5112836</xmax><ymax>5112836</ymax></bndbox></object101><object102><name>thread</name><bndbox><xmin>277649</xmin><ymin>277649</ymin><xmax>277828</xmax><ymax>277828</ymax></bndbox></object102><object103><name>thread</name><bndbox><xmin>68433</xmin><ymin>68433</ymin><xmax>68612</xmax><ymax>68612</ymax></bndbox></object103><object104><name>thread</name><bndbox><xmin>498929</xmin><ymin>498929</ymin><xmax>499108</xmax><ymax>499108</ymax></bndbox></object104><object105><name>thread</name><bndbox><xmin>213121</xmin><ymin>213121</ymin><xmax>213300</xmax><ymax>213300</ymax></bndbox></object105><object106><name>thread</name><bndbox><xmin>5104657</xmin><ymin>5104657</ymin><xmax>5104836</xmax><ymax>5104836</ymax></bndbox></object106><object107><name>thread</name><bndbox><xmin>95313</xmin><ymin>95313</ymin><xmax>95492</xmax><ymax>95492</ymax></bndbox></object107><object108><name>thread</name><bndbox><xmin>214161</xmin><ymin>214161</ymin><xmax>214340</xmax><ymax>214340</ymax></bndbox></object108><object109><name>thread</name><bndbox><xmin>227345</xmin><ymin>227345</ymin><xmax>227524</xmax><ymax>227524</ymax></bndbox></object109><object110><name>thread</name><bndbox><xmin>5098193</xmin><ymin>5098193</ymin><xmax>5098372</xmax><ymax>5098372</ymax></bndbox></object110><object111><name>thread</name><bndbox><xmin>259409</xmin><ymin>259409</ymin><xmax>259588</xmax><ymax>259588</ymax></bndbox></object111><object112><name>thread</name><bndbox><xmin>4096849</xmin><ymin>4096849</ymin><xmax>4097028</xmax><ymax>4097028</ymax></bndbox></object112><object113><name>thread</name><bndbox><xmin>5149121</xmin><ymin>5149121</ymin><xmax>5149300</xmax><ymax>5149300</ymax></bndbox></object113><object114><name>thread</name><bndbox><xmin>251153</xmin><ymin>251153</ymin><xmax>251332</xmax><ymax>251332</ymax></bndbox></object114><object115><name>thread</name><bndbox><xmin>5084881</xmin><ymin>5084881</ymin><xmax>5085060</xmax><ymax>5085060</ymax></bndbox></object115><object116><name>thread</name><bndbox><xmin>76577</xmin><ymin>76577</ymin><xmax>76756</xmax><ymax>76756</ymax></bndbox></object116><object117><name>thread</name><bndbox><xmin>3950417</xmin><ymin>3950417</ymin><xmax>3950596</xmax><ymax>3950596</ymax></bndbox></object117><object118><name>thread</name><bndbox><xmin>84257</xmin><ymin>84257</ymin><xmax>84436</xmax><ymax>84436</ymax></bndbox></object118><object119><name>thread</name><bndbox><xmin>5090609</xmin><ymin>5090609</ymin><xmax>5090788</xmax><ymax>5090788</ymax></bndbox></object119><object120><name>thread</name><bndbox><xmin>223249</xmin><ymin>223249</ymin><xmax>223428</xmax><ymax>223428</ymax></bndbox></object120><object121><name>thread</name><bndbox><xmin>4165809</xmin><ymin>4165809</ymin><xmax>4165988</xmax><ymax>4165988</ymax></bndbox></object121><object122><name>thread</name><bndbox><xmin>122081</xmin><ymin>122081</ymin><xmax>122260</xmax><ymax>122260</ymax></bndbox></object122><object123><name>thread</name><bndbox><xmin>4123953</xmin><ymin>4123953</ymin><xmax>4124132</xmax><ymax>4124132</ymax></bndbox></object123><object124><name>thread</name><bndbox><xmin>4817745</xmin><ymin>4817745</ymin><xmax>4817924</xmax><ymax>4817924</ymax></bndbox></object124><object125><name>thread</name><bndbox><xmin>4122369</xmin><ymin>4122369</ymin><xmax>4122548</xmax><ymax>4122548</ymax></bndbox></object125><object126><name>thread</name><bndbox><xmin>4090641</xmin><ymin>4090641</ymin><xmax>4090820</xmax><ymax>4090820</ymax></bndbox></object126><object127><name>thread</name><bndbox><xmin>4750161</xmin><ymin>4750161</ymin><xmax>4750340</xmax><ymax>4750340</ymax></bndbox></object127><object128><name>thread</name><bndbox><xmin>290177</xmin><ymin>290177</ymin><xmax>290356</xmax><ymax>290356</ymax></bndbox></object128><object129><name>thread</name><bndbox><xmin>4115169</xmin><ymin>4115169</ymin><xmax>4115348</xmax><ymax>4115348</ymax></bndbox></object129><object130><name>thread</name><bndbox><xmin>76817</xmin><ymin>76817</ymin><xmax>76996</xmax><ymax>76996</ymax></bndbox></object130><object131><name>thread</name><bndbox><xmin>4095057</xmin><ymin>4095057</ymin><xmax>4095236</xmax><ymax>4095236</ymax></bndbox></object131><object132><name>thread</name><bndbox><xmin>4121841</xmin><ymin>4121841</ymin><xmax>4122020</xmax><ymax>4122020</ymax></bndbox></object132><object133><name>thread</name><bndbox><xmin>4126545</xmin><ymin>4126545</ymin><xmax>4126724</xmax><ymax>4126724</ymax></bndbox></object133><object134><name>thread</name><bndbox><xmin>5109041</xmin><ymin>5109041</ymin><xmax>5109220</xmax><ymax>5109220</ymax></bndbox></object134><object135><name>thread</name><bndbox><xmin>5094737</xmin><ymin>5094737</ymin><xmax>5094916</xmax><ymax>5094916</ymax></bndbox></object135><object136><name>thread</name><bndbox><xmin>228945</xmin><ymin>228945</ymin><xmax>229124</xmax><ymax>229124</ymax></bndbox></object136><object137><name>thread</name><bndbox><xmin>3057681</xmin><ymin>3057681</ymin><xmax>3057860</xmax><ymax>3057860</ymax></bndbox></object137><object138><name>thread</name><bndbox><xmin>4753009</xmin><ymin>4753009</ymin><xmax>4753188</xmax><ymax>4753188</ymax></bndbox></object138><object139><name>thread</name><bndbox><xmin>5117617</xmin><ymin>5117617</ymin><xmax>5117796</xmax><ymax>5117796</ymax></bndbox></object139><object140><name>thread</name><bndbox><xmin>274257</xmin><ymin>274257</ymin><xmax>274436</xmax><ymax>274436</ymax></bndbox></object140><object141><name>thread</name><bndbox><xmin>111441</xmin><ymin>111441</ymin><xmax>111620</xmax><ymax>111620</ymax></bndbox></object141><object142><name>thread</name><bndbox><xmin>4097121</xmin><ymin>4097121</ymin><xmax>4097300</xmax><ymax>4097300</ymax></bndbox></object142><object143><name>thread</name><bndbox><xmin>4122865</xmin><ymin>4122865</ymin><xmax>4123044</xmax><ymax>4123044</ymax></bndbox></object143><object144><name>thread</name><bndbox><xmin>4159313</xmin><ymin>4159313</ymin><xmax>4159492</xmax><ymax>4159492</ymax></bndbox></object144><object145><name>thread</name><bndbox><xmin>5045569</xmin><ymin>5045569</ymin><xmax>5045748</xmax><ymax>5045748</ymax></bndbox></object145><object146><name>thread</name><bndbox><xmin>233873</xmin><ymin>233873</ymin><xmax>234052</xmax><ymax>234052</ymax></bndbox></object146><object147><name>thread</name><bndbox><xmin>5121505</xmin><ymin>5121505</ymin><xmax>5121684</xmax><ymax>5121684</ymax></bndbox></object147><object148><name>thread</name><bndbox><xmin>125425</xmin><ymin>125425</ymin><xmax>125604</xmax><ymax>125604</ymax></bndbox></object148><object149><name>thread</name><bndbox><xmin>4103393</xmin><ymin>4103393</ymin><xmax>4103572</xmax><ymax>4103572</ymax></bndbox></object149><object150><name>thread</name><bndbox><xmin>4765217</xmin><ymin>4765217</ymin><xmax>4765396</xmax><ymax>4765396</ymax></bndbox></object150><object151><name>thread</name><bndbox><xmin>130897</xmin><ymin>130897</ymin><xmax>131076</xmax><ymax>131076</ymax></bndbox></object151><object152><name>thread</name><bndbox><xmin>5105777</xmin><ymin>5105777</ymin><xmax>5105956</xmax><ymax>5105956</ymax></bndbox></object152><object153><name>thread</name><bndbox><xmin>4915793</xmin><ymin>4915793</ymin><xmax>4915972</xmax><ymax>4915972</ymax></bndbox></object153><object154><name>thread</name><bndbox><xmin>83553</xmin><ymin>83553</ymin><xmax>83732</xmax><ymax>83732</ymax></bndbox></object154><object155><name>thread</name><bndbox><xmin>120177</xmin><ymin>120177</ymin><xmax>120356</xmax><ymax>120356</ymax></bndbox></object155><object156><name>thread</name><bndbox><xmin>106177</xmin><ymin>106177</ymin><xmax>106356</xmax><ymax>106356</ymax></bndbox></object156><object157><name>thread</name><bndbox><xmin>4095809</xmin><ymin>4095809</ymin><xmax>4095988</xmax><ymax>4095988</ymax></bndbox></object157><object158><name>thread</name><bndbox><xmin>250897</xmin><ymin>250897</ymin><xmax>251076</xmax><ymax>251076</ymax></bndbox></object158><object159><name>thread</name><bndbox><xmin>5095809</xmin><ymin>5095809</ymin><xmax>5095988</xmax><ymax>5095988</ymax></bndbox></object159><object160><name>thread</name><bndbox><xmin>78865</xmin><ymin>78865</ymin><xmax>79044</xmax><ymax>79044</ymax></bndbox></object160><object161><name>thread</name><bndbox><xmin>3071825</xmin><ymin>3071825</ymin><xmax>3072004</xmax><ymax>3072004</ymax></bndbox></object161><object162><name>thread</name><bndbox><xmin>4154577</xmin><ymin>4154577</ymin><xmax>4154756</xmax><ymax>4154756</ymax></bndbox></object162><object163><name>thread</name><bndbox><xmin>116049</xmin><ymin>116049</ymin><xmax>116228</xmax><ymax>116228</ymax></bndbox></object163><object164><name>thread</name><bndbox><xmin>4133249</xmin><ymin>4133249</ymin><xmax>4133428</xmax><ymax>4133428</ymax></bndbox></object164><object165><name>thread</name><bndbox><xmin>222609</xmin><ymin>222609</ymin><xmax>222788</xmax><ymax>222788</ymax></bndbox></object165><object166><name>thread</name><bndbox><xmin>213569</xmin><ymin>213569</ymin><xmax>213748</xmax><ymax>213748</ymax></bndbox></object166><object167><name>thread</name><bndbox><xmin>224833</xmin><ymin>224833</ymin><xmax>225012</xmax><ymax>225012</ymax></bndbox></object167><object168><name>thread</name><bndbox><xmin>4811169</xmin><ymin>4811169</ymin><xmax>4811348</xmax><ymax>4811348</ymax></bndbox></object168><object169><name>thread</name><bndbox><xmin>5103345</xmin><ymin>5103345</ymin><xmax>5103524</xmax><ymax>5103524</ymax></bndbox></object169><object170><name>thread</name><bndbox><xmin>4153169</xmin><ymin>4153169</ymin><xmax>4153348</xmax><ymax>4153348</ymax></bndbox></object170><object171><name>thread</name><bndbox><xmin>4159761</xmin><ymin>4159761</ymin><xmax>4159940</xmax><ymax>4159940</ymax></bndbox></object171><object172><name>thread</name><bndbox><xmin>65553</xmin><ymin>65553</ymin><xmax>65732</xmax><ymax>65732</ymax></bndbox></object172><object173><name>thread</name><bndbox><xmin>68961</xmin><ymin>68961</ymin><xmax>69140</xmax><ymax>69140</ymax></bndbox></object173><object174><name>thread</name><bndbox><xmin>498705</xmin><ymin>498705</ymin><xmax>498884</xmax><ymax>498884</ymax></bndbox></object174><object175><name>thread</name><bndbox><xmin>5127665</xmin><ymin>5127665</ymin><xmax>5127844</xmax><ymax>5127844</ymax></bndbox></object175><object176><name>thread</name><bndbox><xmin>281169</xmin><ymin>281169</ymin><xmax>281348</xmax><ymax>281348</ymax></bndbox></object176><object177><name>thread</name><bndbox><xmin>208913</xmin><ymin>208913</ymin><xmax>209092</xmax><ymax>209092</ymax></bndbox></object177><object178><name>thread</name><bndbox><xmin>140993</xmin><ymin>140993</ymin><xmax>141172</xmax><ymax>141172</ymax></bndbox></object178><object179><name>thread</name><bndbox><xmin>4101201</xmin><ymin>4101201</ymin><xmax>4101380</xmax><ymax>4101380</ymax></bndbox></object179><object180><name>thread</name><bndbox><xmin>5150193</xmin><ymin>5150193</ymin><xmax>5150372</xmax><ymax>5150372</ymax></bndbox></object180><object181><name>thread</name><bndbox><xmin>115137</xmin><ymin>115137</ymin><xmax>115316</xmax><ymax>115316</ymax></bndbox></object181><object182><name>thread</name><bndbox><xmin>3097937</xmin><ymin>3097937</ymin><xmax>3098116</xmax><ymax>3098116</ymax></bndbox></object182><object183><name>thread</name><bndbox><xmin>120849</xmin><ymin>120849</ymin><xmax>121028</xmax><ymax>121028</ymax></bndbox></object183><object184><name>thread</name><bndbox><xmin>225505</xmin><ymin>225505</ymin><xmax>225684</xmax><ymax>225684</ymax></bndbox></object184><object185><name>thread</name><bndbox><xmin>63313</xmin><ymin>63313</ymin><xmax>63492</xmax><ymax>63492</ymax></bndbox></object185><object186><name>thread</name><bndbox><xmin>295201</xmin><ymin>295201</ymin><xmax>295380</xmax><ymax>295380</ymax></bndbox></object186><object187><name>thread</name><bndbox><xmin>99153</xmin><ymin>99153</ymin><xmax>99332</xmax><ymax>99332</ymax></bndbox></object187><object188><name>thread</name><bndbox><xmin>140721</xmin><ymin>140721</ymin><xmax>140900</xmax><ymax>140900</ymax></bndbox></object188><object189><name>thread</name><bndbox><xmin>256449</xmin><ymin>256449</ymin><xmax>256628</xmax><ymax>256628</ymax></bndbox></object189><object190><name>thread</name><bndbox><xmin>5161505</xmin><ymin>5161505</ymin><xmax>5161684</xmax><ymax>5161684</ymax></bndbox></object190><object191><name>thread</name><bndbox><xmin>5106369</xmin><ymin>5106369</ymin><xmax>5106548</xmax><ymax>5106548</ymax></bndbox></object191><object192><name>thread</name><bndbox><xmin>4115537</xmin><ymin>4115537</ymin><xmax>4115716</xmax><ymax>4115716</ymax></bndbox></object192><object193><name>thread</name><bndbox><xmin>5099345</xmin><ymin>5099345</ymin><xmax>5099524</xmax><ymax>5099524</ymax></bndbox></object193><object194><name>thread</name><bndbox><xmin>115537</xmin><ymin>115537</ymin><xmax>115716</xmax><ymax>115716</ymax></bndbox></object194><object195><name>thread</name><bndbox><xmin>290369</xmin><ymin>290369</ymin><xmax>290548</xmax><ymax>290548</ymax></bndbox></object195><object196><name>thread</name><bndbox><xmin>5123265</xmin><ymin>5123265</ymin><xmax>5123444</xmax><ymax>5123444</ymax></bndbox></object196><object197><name>thread</name><bndbox><xmin>4103745</xmin><ymin>4103745</ymin><xmax>4103924</xmax><ymax>4103924</ymax></bndbox></object197><object198><name>thread</name><bndbox><xmin>4922753</xmin><ymin>4922753</ymin><xmax>4922932</xmax><ymax>4922932</ymax></bndbox></object198><object199><name>thread</name><bndbox><xmin>4099569</xmin><ymin>4099569</ymin><xmax>4099748</xmax><ymax>4099748</ymax></bndbox></object199><object200><name>thread</name><bndbox><xmin>85569</xmin><ymin>85569</ymin><xmax>85748</xmax><ymax>85748</ymax></bndbox></object200><object201><name>thread</name><bndbox><xmin>3944465</xmin><ymin>3944465</ymin><xmax>3944644</xmax><ymax>3944644</ymax></bndbox></object201><object202><name>thread</name><bndbox><xmin>4160241</xmin><ymin>4160241</ymin><xmax>4160420</xmax><ymax>4160420</ymax></bndbox></object202><object203><name>thread</name><bndbox><xmin>2909777</xmin><ymin>2909777</ymin><xmax>2909956</xmax><ymax>2909956</ymax></bndbox></object203><objnum>203</objnum></annotations>