<annotations><folder>Memset</folder><filename><item>4_raw_0.seg.2308960256.2320670720.2308960256.png</item></filename><object1><name>process</name><bndbox><xmin>600832</xmin><ymin>600832</ymin><xmax>601056</xmax><ymax>601056</ymax></bndbox></object1><object2><name>process</name><bndbox><xmin>2874800</xmin><ymin>2874800</ymin><xmax>2875024</xmax><ymax>2875024</ymax></bndbox></object2><object3><name>process</name><bndbox><xmin>271888</xmin><ymin>271888</ymin><xmax>272112</xmax><ymax>272112</ymax></bndbox></object3><object4><name>process</name><bndbox><xmin>1328608</xmin><ymin>1328608</ymin><xmax>1328832</xmax><ymax>1328832</ymax></bndbox></object4><object5><name>process</name><bndbox><xmin>1238112</xmin><ymin>1238112</ymin><xmax>1238336</xmax><ymax>1238336</ymax></bndbox></object5><object6><name>process</name><bndbox><xmin>1127536</xmin><ymin>1127536</ymin><xmax>1127760</xmax><ymax>1127760</ymax></bndbox></object6><object7><name>process</name><bndbox><xmin>2200336</xmin><ymin>2200336</ymin><xmax>2200560</xmax><ymax>2200560</ymax></bndbox></object7><object8><name>process</name><bndbox><xmin>1668112</xmin><ymin>1668112</ymin><xmax>1668336</xmax><ymax>1668336</ymax></bndbox></object8><object9><name>process</name><bndbox><xmin>1612976</xmin><ymin>1612976</ymin><xmax>1613200</xmax><ymax>1613200</ymax></bndbox></object9><object10><name>process</name><bndbox><xmin>1177616</xmin><ymin>1177616</ymin><xmax>1177840</xmax><ymax>1177840</ymax></bndbox></object10><object11><name>process</name><bndbox><xmin>1047568</xmin><ymin>1047568</ymin><xmax>1047792</xmax><ymax>1047792</ymax></bndbox></object11><object12><name>process</name><bndbox><xmin>1210624</xmin><ymin>1210624</ymin><xmax>1210848</xmax><ymax>1210848</ymax></bndbox></object12><object13><name>process</name><bndbox><xmin>1006064</xmin><ymin>1006064</ymin><xmax>1006288</xmax><ymax>1006288</ymax></bndbox></object13><object14><name>process</name><bndbox><xmin>272144</xmin><ymin>272144</ymin><xmax>272368</xmax><ymax>272368</ymax></bndbox></object14><object15><name>process</name><bndbox><xmin>2620960</xmin><ymin>2620960</ymin><xmax>2621184</xmax><ymax>2621184</ymax></bndbox></object15><object16><name>process</name><bndbox><xmin>274192</xmin><ymin>274192</ymin><xmax>274416</xmax><ymax>274416</ymax></bndbox></object16><object17><name>process</name><bndbox><xmin>396688</xmin><ymin>396688</ymin><xmax>396912</xmax><ymax>396912</ymax></bndbox></object17><object18><name>process</name><bndbox><xmin>299456</xmin><ymin>299456</ymin><xmax>299680</xmax><ymax>299680</ymax></bndbox></object18><object19><name>process</name><bndbox><xmin>497680</xmin><ymin>497680</ymin><xmax>497904</xmax><ymax>497904</ymax></bndbox></object19><object20><name>process</name><bndbox><xmin>1362368</xmin><ymin>1362368</ymin><xmax>1362592</xmax><ymax>1362592</ymax></bndbox></object20><object21><name>process</name><bndbox><xmin>1056224</xmin><ymin>1056224</ymin><xmax>1056448</xmax><ymax>1056448</ymax></bndbox></object21><object22><name>process</name><bndbox><xmin>2569312</xmin><ymin>2569312</ymin><xmax>2569536</xmax><ymax>2569536</ymax></bndbox></object22><object23><name>process</name><bndbox><xmin>107936</xmin><ymin>107936</ymin><xmax>108160</xmax><ymax>108160</ymax></bndbox></object23><object24><name>process</name><bndbox><xmin>119312</xmin><ymin>119312</ymin><xmax>119536</xmax><ymax>119536</ymax></bndbox></object24><object25><name>process</name><bndbox><xmin>1497632</xmin><ymin>1497632</ymin><xmax>1497856</xmax><ymax>1497856</ymax></bndbox></object25><object26><name>process</name><bndbox><xmin>1307168</xmin><ymin>1307168</ymin><xmax>1307392</xmax><ymax>1307392</ymax></bndbox></object26><object27><name>process</name><bndbox><xmin>437664</xmin><ymin>437664</ymin><xmax>437888</xmax><ymax>437888</ymax></bndbox></object27><object28><name>process</name><bndbox><xmin>2525888</xmin><ymin>2525888</ymin><xmax>2526112</xmax><ymax>2526112</ymax></bndbox></object28><object29><name>process</name><bndbox><xmin>580368</xmin><ymin>580368</ymin><xmax>580592</xmax><ymax>580592</ymax></bndbox></object29><object30><name>process</name><bndbox><xmin>71424</xmin><ymin>71424</ymin><xmax>71648</xmax><ymax>71648</ymax></bndbox></object30><object31><name>process</name><bndbox><xmin>830224</xmin><ymin>830224</ymin><xmax>830448</xmax><ymax>830448</ymax></bndbox></object31><object32><name>process</name><bndbox><xmin>493072</xmin><ymin>493072</ymin><xmax>493296</xmax><ymax>493296</ymax></bndbox></object32><object33><name>process</name><bndbox><xmin>1238800</xmin><ymin>1238800</ymin><xmax>1239024</xmax><ymax>1239024</ymax></bndbox></object33><object34><name>process</name><bndbox><xmin>346128</xmin><ymin>346128</ymin><xmax>346352</xmax><ymax>346352</ymax></bndbox></object34><object35><name>process</name><bndbox><xmin>567712</xmin><ymin>567712</ymin><xmax>567936</xmax><ymax>567936</ymax></bndbox></object35><object36><name>process</name><bndbox><xmin>1658896</xmin><ymin>1658896</ymin><xmax>1659120</xmax><ymax>1659120</ymax></bndbox></object36><object37><name>process</name><bndbox><xmin>1398800</xmin><ymin>1398800</ymin><xmax>1399024</xmax><ymax>1399024</ymax></bndbox></object37><objnum>37</objnum></annotations>