<annotations><folder>Memset</folder><filename><item>5_raw_0.seg.2220883968.2223034368.2220883968.png</item></filename><object1><name>process</name><bndbox><xmin>515296</xmin><ymin>515296</ymin><xmax>515520</xmax><ymax>515520</ymax></bndbox></object1><object2><name>process</name><bndbox><xmin>522256</xmin><ymin>522256</ymin><xmax>522480</xmax><ymax>522480</ymax></bndbox></object2><object3><name>process</name><bndbox><xmin>521632</xmin><ymin>521632</ymin><xmax>521856</xmax><ymax>521856</ymax></bndbox></object3><object4><name>process</name><bndbox><xmin>470448</xmin><ymin>470448</ymin><xmax>470672</xmax><ymax>470672</ymax></bndbox></object4><objnum>4</objnum></annotations>