<annotations><folder>Memset</folder><filename><item>5_raw_0.seg.2199875584.2202009600.2199875584.png</item></filename><object1><name>process</name><bndbox><xmin>10656</xmin><ymin>10656</ymin><xmax>10880</xmax><ymax>10880</ymax></bndbox></object1><object2><name>process</name><bndbox><xmin>306192</xmin><ymin>306192</ymin><xmax>306416</xmax><ymax>306416</ymax></bndbox></object2><object3><name>process</name><bndbox><xmin>35248</xmin><ymin>35248</ymin><xmax>35472</xmax><ymax>35472</ymax></bndbox></object3><objnum>3</objnum></annotations>