<annotations><folder>Memset</folder><filename><item>terry-2009-11-16_mddramimage_2189426688.thread.2200073500.2200075548.10646812.png</item></filename><object1><name>thread</name><bndbox><xmin>350</xmin><ymin>350</ymin><xmax>513</xmax><ymax>513</ymax></bndbox></object1><object2><name>thread</name><bndbox><xmin>176</xmin><ymin>176</ymin><xmax>339</xmax><ymax>339</ymax></bndbox></object2><object3><name>thread</name><bndbox><xmin>2</xmin><ymin>2</ymin><xmax>165</xmax><ymax>165</ymax></bndbox></object3><objnum>3</objnum></annotations>