<annotations><folder>Memset</folder><filename><item>terry-2009-11-16_mddramimage_2189426688.thread.2193033236.2193035284.3606548.png</item></filename><object1><name>thread</name><bndbox><xmin>6</xmin><ymin>6</ymin><xmax>169</xmax><ymax>169</ymax></bndbox></object1><object2><name>thread</name><bndbox><xmin>176</xmin><ymin>176</ymin><xmax>339</xmax><ymax>339</ymax></bndbox></object2><object3><name>thread</name><bndbox><xmin>346</xmin><ymin>346</ymin><xmax>509</xmax><ymax>509</ymax></bndbox></object3><objnum>3</objnum></annotations>