<annotations><folder>Memset</folder><filename><item>terry-2009-11-16_mddramimage_0.seg.2234998784.2235564032.2234998784.png</item></filename><object1><name>process</name><bndbox><xmin>32447</xmin><ymin>32447</ymin><xmax>32604</xmax><ymax>32604</ymax></bndbox></object1><object2><name>thread</name><bndbox><xmin>45211</xmin><ymin>45211</ymin><xmax>45374</xmax><ymax>45374</ymax></bndbox></object2><object3><name>thread</name><bndbox><xmin>11773</xmin><ymin>11773</ymin><xmax>11936</xmax><ymax>11936</ymax></bndbox></object3><object4><name>thread</name><bndbox><xmin>136357</xmin><ymin>136357</ymin><xmax>136520</xmax><ymax>136520</ymax></bndbox></object4><objnum>4</objnum></annotations>