<annotations><folder>Memset</folder><filename><item>terry-2009-11-16_mddramimage_2189426688.thread.2206048988.2206051036.16622300.png</item></filename><object1><name>thread</name><bndbox><xmin>176</xmin><ymin>176</ymin><xmax>339</xmax><ymax>339</ymax></bndbox></object1><object2><name>thread</name><bndbox><xmin>62</xmin><ymin>62</ymin><xmax>225</xmax><ymax>225</ymax></bndbox></object2><object3><name>process</name><bndbox><xmin>232</xmin><ymin>232</ymin><xmax>389</xmax><ymax>389</ymax></bndbox></object3><objnum>3</objnum></annotations>