<annotations><folder>Memset</folder><filename><item>terry-2009-11-16_mddramimage_2189426688.process.2206049200.2206051248.16622512.png</item></filename><object1><name>thread</name><bndbox><xmin>123</xmin><ymin>123</ymin><xmax>286</xmax><ymax>286</ymax></bndbox></object1><object2><name>thread</name><bndbox><xmin>9</xmin><ymin>9</ymin><xmax>172</xmax><ymax>172</ymax></bndbox></object2><object3><name>process</name><bndbox><xmin>179</xmin><ymin>179</ymin><xmax>336</xmax><ymax>336</ymax></bndbox></object3><objnum>3</objnum></annotations>