<annotations><folder>Memset</folder><filename><item>terry-2009-11-16_mddramimage_0.seg.2664636416.2665238528.2664636416.png</item></filename><object1><name>process</name><bndbox><xmin>99487</xmin><ymin>99487</ymin><xmax>99644</xmax><ymax>99644</ymax></bndbox></object1><object2><name>thread</name><bndbox><xmin>58381</xmin><ymin>58381</ymin><xmax>58544</xmax><ymax>58544</ymax></bndbox></object2><object3><name>thread</name><bndbox><xmin>94915</xmin><ymin>94915</ymin><xmax>95078</xmax><ymax>95078</ymax></bndbox></object3><object4><name>thread</name><bndbox><xmin>112479</xmin><ymin>112479</ymin><xmax>112642</xmax><ymax>112642</ymax></bndbox></object4><object5><name>thread</name><bndbox><xmin>70495</xmin><ymin>70495</ymin><xmax>70658</xmax><ymax>70658</ymax></bndbox></object5><object6><name>thread</name><bndbox><xmin>81229</xmin><ymin>81229</ymin><xmax>81392</xmax><ymax>81392</ymax></bndbox></object6><object7><name>thread</name><bndbox><xmin>114853</xmin><ymin>114853</ymin><xmax>115016</xmax><ymax>115016</ymax></bndbox></object7><object8><name>thread</name><bndbox><xmin>16547</xmin><ymin>16547</ymin><xmax>16710</xmax><ymax>16710</ymax></bndbox></object8><object9><name>thread</name><bndbox><xmin>22367</xmin><ymin>22367</ymin><xmax>22530</xmax><ymax>22530</ymax></bndbox></object9><object10><name>thread</name><bndbox><xmin>115977</xmin><ymin>115977</ymin><xmax>116140</xmax><ymax>116140</ymax></bndbox></object10><object11><name>thread</name><bndbox><xmin>97343</xmin><ymin>97343</ymin><xmax>97506</xmax><ymax>97506</ymax></bndbox></object11><object12><name>thread</name><bndbox><xmin>126815</xmin><ymin>126815</ymin><xmax>126978</xmax><ymax>126978</ymax></bndbox></object12><object13><name>thread</name><bndbox><xmin>80959</xmin><ymin>80959</ymin><xmax>81122</xmax><ymax>81122</ymax></bndbox></object13><object14><name>thread</name><bndbox><xmin>125083</xmin><ymin>125083</ymin><xmax>125246</xmax><ymax>125246</ymax></bndbox></object14><object15><name>thread</name><bndbox><xmin>129533</xmin><ymin>129533</ymin><xmax>129696</xmax><ymax>129696</ymax></bndbox></object15><object16><name>thread</name><bndbox><xmin>81933</xmin><ymin>81933</ymin><xmax>82096</xmax><ymax>82096</ymax></bndbox></object16><object17><name>thread</name><bndbox><xmin>57589</xmin><ymin>57589</ymin><xmax>57752</xmax><ymax>57752</ymax></bndbox></object17><object18><name>thread</name><bndbox><xmin>1457</xmin><ymin>1457</ymin><xmax>1620</xmax><ymax>1620</ymax></bndbox></object18><object19><name>thread</name><bndbox><xmin>82191</xmin><ymin>82191</ymin><xmax>82354</xmax><ymax>82354</ymax></bndbox></object19><object20><name>thread</name><bndbox><xmin>37029</xmin><ymin>37029</ymin><xmax>37192</xmax><ymax>37192</ymax></bndbox></object20><objnum>20</objnum></annotations>