<annotations><folder>Memset</folder><filename><item>terry-2009-11-16_mddramimage_2189426688.thread.2206048532.2206050580.16621844.png</item></filename><object1><name>thread</name><bndbox><xmin>290</xmin><ymin>290</ymin><xmax>453</xmax><ymax>453</ymax></bndbox></object1><object2><name>thread</name><bndbox><xmin>176</xmin><ymin>176</ymin><xmax>339</xmax><ymax>339</ymax></bndbox></object2><object3><name>process</name><bndbox><xmin>346</xmin><ymin>346</ymin><xmax>503</xmax><ymax>503</ymax></bndbox></object3><objnum>3</objnum></annotations>