<annotations><folder>Memset</folder><filename><item>terry-2009-11-16_mddramimage_0.seg.2231656448.2232991744.2231656448.png</item></filename><object1><name>process</name><bndbox><xmin>295209</xmin><ymin>295209</ymin><xmax>295366</xmax><ymax>295366</ymax></bndbox></object1><object2><name>process</name><bndbox><xmin>61285</xmin><ymin>61285</ymin><xmax>61442</xmax><ymax>61442</ymax></bndbox></object2><object3><name>process</name><bndbox><xmin>310591</xmin><ymin>310591</ymin><xmax>310748</xmax><ymax>310748</ymax></bndbox></object3><object4><name>process</name><bndbox><xmin>297459</xmin><ymin>297459</ymin><xmax>297616</xmax><ymax>297616</ymax></bndbox></object4><object5><name>process</name><bndbox><xmin>242923</xmin><ymin>242923</ymin><xmax>243080</xmax><ymax>243080</ymax></bndbox></object5><object6><name>process</name><bndbox><xmin>87263</xmin><ymin>87263</ymin><xmax>87420</xmax><ymax>87420</ymax></bndbox></object6><object7><name>thread</name><bndbox><xmin>244749</xmin><ymin>244749</ymin><xmax>244912</xmax><ymax>244912</ymax></bndbox></object7><object8><name>thread</name><bndbox><xmin>605</xmin><ymin>605</ymin><xmax>768</xmax><ymax>768</ymax></bndbox></object8><object9><name>thread</name><bndbox><xmin>207711</xmin><ymin>207711</ymin><xmax>207874</xmax><ymax>207874</ymax></bndbox></object9><object10><name>thread</name><bndbox><xmin>245415</xmin><ymin>245415</ymin><xmax>245578</xmax><ymax>245578</ymax></bndbox></object10><object11><name>thread</name><bndbox><xmin>163385</xmin><ymin>163385</ymin><xmax>163548</xmax><ymax>163548</ymax></bndbox></object11><object12><name>thread</name><bndbox><xmin>50239</xmin><ymin>50239</ymin><xmax>50402</xmax><ymax>50402</ymax></bndbox></object12><object13><name>thread</name><bndbox><xmin>57183</xmin><ymin>57183</ymin><xmax>57346</xmax><ymax>57346</ymax></bndbox></object13><object14><name>thread</name><bndbox><xmin>29031</xmin><ymin>29031</ymin><xmax>29194</xmax><ymax>29194</ymax></bndbox></object14><object15><name>thread</name><bndbox><xmin>60725</xmin><ymin>60725</ymin><xmax>60888</xmax><ymax>60888</ymax></bndbox></object15><object16><name>thread</name><bndbox><xmin>145987</xmin><ymin>145987</ymin><xmax>146150</xmax><ymax>146150</ymax></bndbox></object16><object17><name>thread</name><bndbox><xmin>272223</xmin><ymin>272223</ymin><xmax>272386</xmax><ymax>272386</ymax></bndbox></object17><object18><name>thread</name><bndbox><xmin>88663</xmin><ymin>88663</ymin><xmax>88826</xmax><ymax>88826</ymax></bndbox></object18><object19><name>thread</name><bndbox><xmin>83725</xmin><ymin>83725</ymin><xmax>83888</xmax><ymax>83888</ymax></bndbox></object19><object20><name>thread</name><bndbox><xmin>110833</xmin><ymin>110833</ymin><xmax>110996</xmax><ymax>110996</ymax></bndbox></object20><object21><name>thread</name><bndbox><xmin>94221</xmin><ymin>94221</ymin><xmax>94384</xmax><ymax>94384</ymax></bndbox></object21><object22><name>thread</name><bndbox><xmin>109581</xmin><ymin>109581</ymin><xmax>109744</xmax><ymax>109744</ymax></bndbox></object22><object23><name>thread</name><bndbox><xmin>74417</xmin><ymin>74417</ymin><xmax>74580</xmax><ymax>74580</ymax></bndbox></object23><object24><name>thread</name><bndbox><xmin>169083</xmin><ymin>169083</ymin><xmax>169246</xmax><ymax>169246</ymax></bndbox></object24><object25><name>thread</name><bndbox><xmin>13979</xmin><ymin>13979</ymin><xmax>14142</xmax><ymax>14142</ymax></bndbox></object25><object26><name>thread</name><bndbox><xmin>230239</xmin><ymin>230239</ymin><xmax>230402</xmax><ymax>230402</ymax></bndbox></object26><object27><name>thread</name><bndbox><xmin>143671</xmin><ymin>143671</ymin><xmax>143834</xmax><ymax>143834</ymax></bndbox></object27><object28><name>thread</name><bndbox><xmin>207537</xmin><ymin>207537</ymin><xmax>207700</xmax><ymax>207700</ymax></bndbox></object28><object29><name>thread</name><bndbox><xmin>238765</xmin><ymin>238765</ymin><xmax>238928</xmax><ymax>238928</ymax></bndbox></object29><object30><name>thread</name><bndbox><xmin>73055</xmin><ymin>73055</ymin><xmax>73218</xmax><ymax>73218</ymax></bndbox></object30><object31><name>thread</name><bndbox><xmin>80735</xmin><ymin>80735</ymin><xmax>80898</xmax><ymax>80898</ymax></bndbox></object31><object32><name>thread</name><bndbox><xmin>273073</xmin><ymin>273073</ymin><xmax>273236</xmax><ymax>273236</ymax></bndbox></object32><object33><name>thread</name><bndbox><xmin>290655</xmin><ymin>290655</ymin><xmax>290818</xmax><ymax>290818</ymax></bndbox></object33><object34><name>thread</name><bndbox><xmin>304991</xmin><ymin>304991</ymin><xmax>305154</xmax><ymax>305154</ymax></bndbox></object34><object35><name>thread</name><bndbox><xmin>77489</xmin><ymin>77489</ymin><xmax>77652</xmax><ymax>77652</ymax></bndbox></object35><object36><name>thread</name><bndbox><xmin>173257</xmin><ymin>173257</ymin><xmax>173420</xmax><ymax>173420</ymax></bndbox></object36><object37><name>thread</name><bndbox><xmin>57465</xmin><ymin>57465</ymin><xmax>57628</xmax><ymax>57628</ymax></bndbox></object37><object38><name>thread</name><bndbox><xmin>77663</xmin><ymin>77663</ymin><xmax>77826</xmax><ymax>77826</ymax></bndbox></object38><object39><name>thread</name><bndbox><xmin>306685</xmin><ymin>306685</ymin><xmax>306848</xmax><ymax>306848</ymax></bndbox></object39><object40><name>thread</name><bndbox><xmin>14153</xmin><ymin>14153</ymin><xmax>14316</xmax><ymax>14316</ymax></bndbox></object40><object41><name>thread</name><bndbox><xmin>89765</xmin><ymin>89765</ymin><xmax>89928</xmax><ymax>89928</ymax></bndbox></object41><object42><name>thread</name><bndbox><xmin>70669</xmin><ymin>70669</ymin><xmax>70832</xmax><ymax>70832</ymax></bndbox></object42><object43><name>thread</name><bndbox><xmin>86879</xmin><ymin>86879</ymin><xmax>87042</xmax><ymax>87042</ymax></bndbox></object43><object44><name>thread</name><bndbox><xmin>212739</xmin><ymin>212739</ymin><xmax>212902</xmax><ymax>212902</ymax></bndbox></object44><object45><name>thread</name><bndbox><xmin>268023</xmin><ymin>268023</ymin><xmax>268186</xmax><ymax>268186</ymax></bndbox></object45><object46><name>thread</name><bndbox><xmin>13</xmin><ymin>13</ymin><xmax>176</xmax><ymax>176</ymax></bndbox></object46><object47><name>thread</name><bndbox><xmin>52063</xmin><ymin>52063</ymin><xmax>52226</xmax><ymax>52226</ymax></bndbox></object47><object48><name>thread</name><bndbox><xmin>17247</xmin><ymin>17247</ymin><xmax>17410</xmax><ymax>17410</ymax></bndbox></object48><object49><name>thread</name><bndbox><xmin>71693</xmin><ymin>71693</ymin><xmax>71856</xmax><ymax>71856</ymax></bndbox></object49><object50><name>thread</name><bndbox><xmin>303117</xmin><ymin>303117</ymin><xmax>303280</xmax><ymax>303280</ymax></bndbox></object50><object51><name>thread</name><bndbox><xmin>264495</xmin><ymin>264495</ymin><xmax>264658</xmax><ymax>264658</ymax></bndbox></object51><object52><name>thread</name><bndbox><xmin>30437</xmin><ymin>30437</ymin><xmax>30600</xmax><ymax>30600</ymax></bndbox></object52><object53><name>thread</name><bndbox><xmin>245043</xmin><ymin>245043</ymin><xmax>245206</xmax><ymax>245206</ymax></bndbox></object53><object54><name>thread</name><bndbox><xmin>74591</xmin><ymin>74591</ymin><xmax>74754</xmax><ymax>74754</ymax></bndbox></object54><object55><name>thread</name><bndbox><xmin>294751</xmin><ymin>294751</ymin><xmax>294914</xmax><ymax>294914</ymax></bndbox></object55><object56><name>thread</name><bndbox><xmin>264205</xmin><ymin>264205</ymin><xmax>264368</xmax><ymax>264368</ymax></bndbox></object56><object57><name>thread</name><bndbox><xmin>300045</xmin><ymin>300045</ymin><xmax>300208</xmax><ymax>300208</ymax></bndbox></object57><object58><name>thread</name><bndbox><xmin>209759</xmin><ymin>209759</ymin><xmax>209922</xmax><ymax>209922</ymax></bndbox></object58><object59><name>thread</name><bndbox><xmin>287105</xmin><ymin>287105</ymin><xmax>287268</xmax><ymax>287268</ymax></bndbox></object59><object60><name>thread</name><bndbox><xmin>63853</xmin><ymin>63853</ymin><xmax>64016</xmax><ymax>64016</ymax></bndbox></object60><object61><name>thread</name><bndbox><xmin>148319</xmin><ymin>148319</ymin><xmax>148482</xmax><ymax>148482</ymax></bndbox></object61><object62><name>thread</name><bndbox><xmin>28837</xmin><ymin>28837</ymin><xmax>29000</xmax><ymax>29000</ymax></bndbox></object62><object63><name>thread</name><bndbox><xmin>59231</xmin><ymin>59231</ymin><xmax>59394</xmax><ymax>59394</ymax></bndbox></object63><object64><name>thread</name><bndbox><xmin>274445</xmin><ymin>274445</ymin><xmax>274608</xmax><ymax>274608</ymax></bndbox></object64><object65><name>thread</name><bndbox><xmin>62101</xmin><ymin>62101</ymin><xmax>62264</xmax><ymax>62264</ymax></bndbox></object65><object66><name>thread</name><bndbox><xmin>264881</xmin><ymin>264881</ymin><xmax>265044</xmax><ymax>265044</ymax></bndbox></object66><object67><name>thread</name><bndbox><xmin>205663</xmin><ymin>205663</ymin><xmax>205826</xmax><ymax>205826</ymax></bndbox></object67><object68><name>thread</name><bndbox><xmin>160607</xmin><ymin>160607</ymin><xmax>160770</xmax><ymax>160770</ymax></bndbox></object68><object69><name>thread</name><bndbox><xmin>76813</xmin><ymin>76813</ymin><xmax>76976</xmax><ymax>76976</ymax></bndbox></object69><object70><name>thread</name><bndbox><xmin>270491</xmin><ymin>270491</ymin><xmax>270654</xmax><ymax>270654</ymax></bndbox></object70><object71><name>thread</name><bndbox><xmin>77269</xmin><ymin>77269</ymin><xmax>77432</xmax><ymax>77432</ymax></bndbox></object71><object72><name>thread</name><bndbox><xmin>273883</xmin><ymin>273883</ymin><xmax>274046</xmax><ymax>274046</ymax></bndbox></object72><object73><name>thread</name><bndbox><xmin>264669</xmin><ymin>264669</ymin><xmax>264832</xmax><ymax>264832</ymax></bndbox></object73><object74><name>thread</name><bndbox><xmin>107129</xmin><ymin>107129</ymin><xmax>107292</xmax><ymax>107292</ymax></bndbox></object74><object75><name>thread</name><bndbox><xmin>151729</xmin><ymin>151729</ymin><xmax>151892</xmax><ymax>151892</ymax></bndbox></object75><object76><name>thread</name><bndbox><xmin>63501</xmin><ymin>63501</ymin><xmax>63664</xmax><ymax>63664</ymax></bndbox></object76><object77><name>thread</name><bndbox><xmin>265055</xmin><ymin>265055</ymin><xmax>265218</xmax><ymax>265218</ymax></bndbox></object77><object78><name>thread</name><bndbox><xmin>298725</xmin><ymin>298725</ymin><xmax>298888</xmax><ymax>298888</ymax></bndbox></object78><object79><name>thread</name><bndbox><xmin>98571</xmin><ymin>98571</ymin><xmax>98734</xmax><ymax>98734</ymax></bndbox></object79><objnum>79</objnum></annotations>