<annotations><folder>Memset</folder><filename><item>terry-2009-11-16_mddramimage_0.seg.2231394304.2231513088.2231394304.png</item></filename><object1><name>process</name><bndbox><xmin>12133</xmin><ymin>12133</ymin><xmax>12290</xmax><ymax>12290</ymax></bndbox></object1><object2><name>thread</name><bndbox><xmin>14863</xmin><ymin>14863</ymin><xmax>15026</xmax><ymax>15026</ymax></bndbox></object2><object3><name>thread</name><bndbox><xmin>28511</xmin><ymin>28511</ymin><xmax>28674</xmax><ymax>28674</ymax></bndbox></object3><object4><name>thread</name><bndbox><xmin>26727</xmin><ymin>26727</ymin><xmax>26890</xmax><ymax>26890</ymax></bndbox></object4><object5><name>thread</name><bndbox><xmin>16223</xmin><ymin>16223</ymin><xmax>16386</xmax><ymax>16386</ymax></bndbox></object5><object6><name>thread</name><bndbox><xmin>17085</xmin><ymin>17085</ymin><xmax>17248</xmax><ymax>17248</ymax></bndbox></object6><object7><name>thread</name><bndbox><xmin>27383</xmin><ymin>27383</ymin><xmax>27546</xmax><ymax>27546</ymax></bndbox></object7><object8><name>thread</name><bndbox><xmin>13437</xmin><ymin>13437</ymin><xmax>13600</xmax><ymax>13600</ymax></bndbox></object8><object9><name>thread</name><bndbox><xmin>25439</xmin><ymin>25439</ymin><xmax>25602</xmax><ymax>25602</ymax></bndbox></object9><object10><name>thread</name><bndbox><xmin>14687</xmin><ymin>14687</ymin><xmax>14850</xmax><ymax>14850</ymax></bndbox></object10><object11><name>thread</name><bndbox><xmin>14349</xmin><ymin>14349</ymin><xmax>14512</xmax><ymax>14512</ymax></bndbox></object11><object12><name>thread</name><bndbox><xmin>13745</xmin><ymin>13745</ymin><xmax>13908</xmax><ymax>13908</ymax></bndbox></object12><objnum>12</objnum></annotations>