<annotations><folder>Memset</folder><filename><item>terry-2009-11-16_mddramimage_0.seg.2232995840.2233503744.2232995840.png</item></filename><object1><name>process</name><bndbox><xmin>2917</xmin><ymin>2917</ymin><xmax>3074</xmax><ymax>3074</ymax></bndbox></object1><object2><name>thread</name><bndbox><xmin>92721</xmin><ymin>92721</ymin><xmax>92884</xmax><ymax>92884</ymax></bndbox></object2><object3><name>thread</name><bndbox><xmin>92895</xmin><ymin>92895</ymin><xmax>93058</xmax><ymax>93058</ymax></bndbox></object3><object4><name>thread</name><bndbox><xmin>87813</xmin><ymin>87813</ymin><xmax>87976</xmax><ymax>87976</ymax></bndbox></object4><object5><name>thread</name><bndbox><xmin>87379</xmin><ymin>87379</ymin><xmax>87542</xmax><ymax>87542</ymax></bndbox></object5><object6><name>thread</name><bndbox><xmin>110137</xmin><ymin>110137</ymin><xmax>110300</xmax><ymax>110300</ymax></bndbox></object6><object7><name>thread</name><bndbox><xmin>109677</xmin><ymin>109677</ymin><xmax>109840</xmax><ymax>109840</ymax></bndbox></object7><object8><name>thread</name><bndbox><xmin>68055</xmin><ymin>68055</ymin><xmax>68218</xmax><ymax>68218</ymax></bndbox></object8><objnum>8</objnum></annotations>