<annotations><folder>Memset</folder><filename><item>terry-2009-11-16_mddramimage_0.seg.2231517184.2231652352.2231517184.png</item></filename><object1><name>process</name><bndbox><xmin>9477</xmin><ymin>9477</ymin><xmax>9634</xmax><ymax>9634</ymax></bndbox></object1><object2><name>thread</name><bndbox><xmin>14867</xmin><ymin>14867</ymin><xmax>15030</xmax><ymax>15030</ymax></bndbox></object2><object3><name>thread</name><bndbox><xmin>19767</xmin><ymin>19767</ymin><xmax>19930</xmax><ymax>19930</ymax></bndbox></object3><object4><name>thread</name><bndbox><xmin>25439</xmin><ymin>25439</ymin><xmax>25602</xmax><ymax>25602</ymax></bndbox></object4><object5><name>thread</name><bndbox><xmin>12697</xmin><ymin>12697</ymin><xmax>12860</xmax><ymax>12860</ymax></bndbox></object5><object6><name>thread</name><bndbox><xmin>23973</xmin><ymin>23973</ymin><xmax>24136</xmax><ymax>24136</ymax></bndbox></object6><objnum>6</objnum></annotations>