<annotations><folder>Memset</folder><filename><item>terry-2009-11-16_mddramimage_0.seg.2233556992.2234986496.2233556992.png</item></filename><object1><name>process</name><bndbox><xmin>212323</xmin><ymin>212323</ymin><xmax>212480</xmax><ymax>212480</ymax></bndbox></object1><object2><name>process</name><bndbox><xmin>242337</xmin><ymin>242337</ymin><xmax>242494</xmax><ymax>242494</ymax></bndbox></object2><object3><name>process</name><bndbox><xmin>135683</xmin><ymin>135683</ymin><xmax>135840</xmax><ymax>135840</ymax></bndbox></object3><object4><name>thread</name><bndbox><xmin>260605</xmin><ymin>260605</ymin><xmax>260768</xmax><ymax>260768</ymax></bndbox></object4><object5><name>thread</name><bndbox><xmin>241179</xmin><ymin>241179</ymin><xmax>241342</xmax><ymax>241342</ymax></bndbox></object5><object6><name>thread</name><bndbox><xmin>200543</xmin><ymin>200543</ymin><xmax>200706</xmax><ymax>200706</ymax></bndbox></object6><object7><name>thread</name><bndbox><xmin>264539</xmin><ymin>264539</ymin><xmax>264702</xmax><ymax>264702</ymax></bndbox></object7><object8><name>thread</name><bndbox><xmin>108383</xmin><ymin>108383</ymin><xmax>108546</xmax><ymax>108546</ymax></bndbox></object8><object9><name>thread</name><bndbox><xmin>92589</xmin><ymin>92589</ymin><xmax>92752</xmax><ymax>92752</ymax></bndbox></object9><object10><name>thread</name><bndbox><xmin>216915</xmin><ymin>216915</ymin><xmax>217078</xmax><ymax>217078</ymax></bndbox></object10><object11><name>thread</name><bndbox><xmin>173069</xmin><ymin>173069</ymin><xmax>173232</xmax><ymax>173232</ymax></bndbox></object11><object12><name>thread</name><bndbox><xmin>283949</xmin><ymin>283949</ymin><xmax>284112</xmax><ymax>284112</ymax></bndbox></object12><object13><name>thread</name><bndbox><xmin>50651</xmin><ymin>50651</ymin><xmax>50814</xmax><ymax>50814</ymax></bndbox></object13><object14><name>thread</name><bndbox><xmin>134891</xmin><ymin>134891</ymin><xmax>135054</xmax><ymax>135054</ymax></bndbox></object14><object15><name>thread</name><bndbox><xmin>241857</xmin><ymin>241857</ymin><xmax>242020</xmax><ymax>242020</ymax></bndbox></object15><object16><name>thread</name><bndbox><xmin>201741</xmin><ymin>201741</ymin><xmax>201904</xmax><ymax>201904</ymax></bndbox></object16><object17><name>thread</name><bndbox><xmin>299871</xmin><ymin>299871</ymin><xmax>300034</xmax><ymax>300034</ymax></bndbox></object17><object18><name>thread</name><bndbox><xmin>155875</xmin><ymin>155875</ymin><xmax>156038</xmax><ymax>156038</ymax></bndbox></object18><object19><name>thread</name><bndbox><xmin>157875</xmin><ymin>157875</ymin><xmax>158038</xmax><ymax>158038</ymax></bndbox></object19><object20><name>thread</name><bndbox><xmin>129785</xmin><ymin>129785</ymin><xmax>129948</xmax><ymax>129948</ymax></bndbox></object20><object21><name>thread</name><bndbox><xmin>182013</xmin><ymin>182013</ymin><xmax>182176</xmax><ymax>182176</ymax></bndbox></object21><object22><name>thread</name><bndbox><xmin>185601</xmin><ymin>185601</ymin><xmax>185764</xmax><ymax>185764</ymax></bndbox></object22><object23><name>thread</name><bndbox><xmin>150367</xmin><ymin>150367</ymin><xmax>150530</xmax><ymax>150530</ymax></bndbox></object23><object24><name>thread</name><bndbox><xmin>16223</xmin><ymin>16223</ymin><xmax>16386</xmax><ymax>16386</ymax></bndbox></object24><object25><name>thread</name><bndbox><xmin>21517</xmin><ymin>21517</ymin><xmax>21680</xmax><ymax>21680</ymax></bndbox></object25><object26><name>thread</name><bndbox><xmin>271137</xmin><ymin>271137</ymin><xmax>271300</xmax><ymax>271300</ymax></bndbox></object26><object27><name>thread</name><bndbox><xmin>81759</xmin><ymin>81759</ymin><xmax>81922</xmax><ymax>81922</ymax></bndbox></object27><object28><name>thread</name><bndbox><xmin>217597</xmin><ymin>217597</ymin><xmax>217760</xmax><ymax>217760</ymax></bndbox></object28><object29><name>thread</name><bndbox><xmin>231221</xmin><ymin>231221</ymin><xmax>231384</xmax><ymax>231384</ymax></bndbox></object29><object30><name>thread</name><bndbox><xmin>241503</xmin><ymin>241503</ymin><xmax>241666</xmax><ymax>241666</ymax></bndbox></object30><object31><name>thread</name><bndbox><xmin>280391</xmin><ymin>280391</ymin><xmax>280554</xmax><ymax>280554</ymax></bndbox></object31><object32><name>thread</name><bndbox><xmin>173323</xmin><ymin>173323</ymin><xmax>173486</xmax><ymax>173486</ymax></bndbox></object32><object33><name>thread</name><bndbox><xmin>162535</xmin><ymin>162535</ymin><xmax>162698</xmax><ymax>162698</ymax></bndbox></object33><object34><name>thread</name><bndbox><xmin>160607</xmin><ymin>160607</ymin><xmax>160770</xmax><ymax>160770</ymax></bndbox></object34><object35><name>thread</name><bndbox><xmin>141151</xmin><ymin>141151</ymin><xmax>141314</xmax><ymax>141314</ymax></bndbox></object35><object36><name>thread</name><bndbox><xmin>5509</xmin><ymin>5509</ymin><xmax>5672</xmax><ymax>5672</ymax></bndbox></object36><object37><name>thread</name><bndbox><xmin>166241</xmin><ymin>166241</ymin><xmax>166404</xmax><ymax>166404</ymax></bndbox></object37><object38><name>thread</name><bndbox><xmin>345829</xmin><ymin>345829</ymin><xmax>345992</xmax><ymax>345992</ymax></bndbox></object38><object39><name>thread</name><bndbox><xmin>248845</xmin><ymin>248845</ymin><xmax>249008</xmax><ymax>249008</ymax></bndbox></object39><object40><name>thread</name><bndbox><xmin>278367</xmin><ymin>278367</ymin><xmax>278530</xmax><ymax>278530</ymax></bndbox></object40><object41><name>thread</name><bndbox><xmin>71973</xmin><ymin>71973</ymin><xmax>72136</xmax><ymax>72136</ymax></bndbox></object41><object42><name>thread</name><bndbox><xmin>252257</xmin><ymin>252257</ymin><xmax>252420</xmax><ymax>252420</ymax></bndbox></object42><object43><name>thread</name><bndbox><xmin>35667</xmin><ymin>35667</ymin><xmax>35830</xmax><ymax>35830</ymax></bndbox></object43><object44><name>thread</name><bndbox><xmin>113503</xmin><ymin>113503</ymin><xmax>113666</xmax><ymax>113666</ymax></bndbox></object44><object45><name>thread</name><bndbox><xmin>33871</xmin><ymin>33871</ymin><xmax>34034</xmax><ymax>34034</ymax></bndbox></object45><object46><name>thread</name><bndbox><xmin>20009</xmin><ymin>20009</ymin><xmax>20172</xmax><ymax>20172</ymax></bndbox></object46><object47><name>thread</name><bndbox><xmin>250425</xmin><ymin>250425</ymin><xmax>250588</xmax><ymax>250588</ymax></bndbox></object47><object48><name>thread</name><bndbox><xmin>44045</xmin><ymin>44045</ymin><xmax>44208</xmax><ymax>44208</ymax></bndbox></object48><object49><name>thread</name><bndbox><xmin>240121</xmin><ymin>240121</ymin><xmax>240284</xmax><ymax>240284</ymax></bndbox></object49><object50><name>thread</name><bndbox><xmin>195069</xmin><ymin>195069</ymin><xmax>195232</xmax><ymax>195232</ymax></bndbox></object50><object51><name>thread</name><bndbox><xmin>203615</xmin><ymin>203615</ymin><xmax>203778</xmax><ymax>203778</ymax></bndbox></object51><objnum>51</objnum></annotations>