<annotations><folder>Memset</folder><filename><item>terry-2009-11-16_mddramimage_0.seg.2665291776.2667573248.2665291776.png</item></filename><object1><name>process</name><bndbox><xmin>3379</xmin><ymin>3379</ymin><xmax>3536</xmax><ymax>3536</ymax></bndbox></object1><object2><name>thread</name><bndbox><xmin>483493</xmin><ymin>483493</ymin><xmax>483656</xmax><ymax>483656</ymax></bndbox></object2><object3><name>thread</name><bndbox><xmin>111101</xmin><ymin>111101</ymin><xmax>111264</xmax><ymax>111264</ymax></bndbox></object3><object4><name>thread</name><bndbox><xmin>424799</xmin><ymin>424799</ymin><xmax>424962</xmax><ymax>424962</ymax></bndbox></object4><object5><name>thread</name><bndbox><xmin>356779</xmin><ymin>356779</ymin><xmax>356942</xmax><ymax>356942</ymax></bndbox></object5><object6><name>thread</name><bndbox><xmin>190619</xmin><ymin>190619</ymin><xmax>190782</xmax><ymax>190782</ymax></bndbox></object6><objnum>6</objnum></annotations>